Fecha,Hora,Place,humedad_suelo,humedad_amb,temperatura
13 03 23,03:37:12,arduino_sala,78.0,22.6,21.8
13 03 23,03:41:33,arduino_sala,78.0,21.4,21.5
13 03 23,08:33:58,cuarto,73.96679,36.0,21.0
13 03 23,20:40:07,,78.0,28.8,23.2
13 03 23,20:45:04,arduino_sala,78.0,29.3,23.2
13 03 23,20:50:04,arduino_sala,78.0,29.2,23.2
13 03 23,20:55:04,arduino_sala,78.0,29.6,23.3
13 03 23,21:00:04,arduino_sala,78.0,29.2,23.3
13 03 23,21:05:04,arduino_sala,78.0,29.0,23.2
13 03 23,21:10:03,arduino_sala,78.0,28.8,23.2
13 03 23,21:15:06,arduino_sala,78.0,27.5,23.2
13 03 23,21:20:06,arduino_sala,78.0,28.5,23.1
13 03 23,21:25:03,arduino_sala,78.0,27.5,23.2
13 03 23,21:30:05,arduino_sala,78.0,28.0,23.1
13 03 23,21:35:05,arduino_sala,78.0,27.3,23.1
13 03 23,21:39:51,cuarto,75.49201,37.0,23.0
13 03 23,21:40:06,cuarto,73.72079,37.0,23.0
13 03 23,21:40:13,cuarto,74.11439,38.0,23.0
13 03 23,21:45:05,arduino_sala,78.0,27.8,23.1
13 03 23,21:45:13,cuarto,73.72079,37.0,23.0
13 03 23,21:50:05,arduino_sala,78.0,27.6,23.0
13 03 23,21:50:13,cuarto,74.11439,37.0,23.0
13 03 23,21:54:30,cuarto,73.52399,37.0,23.0
13 03 23,21:55:04,arduino_sala,78.0,27.9,23.0
13 03 23,21:55:14,cuarto,74.9016,37.0,23.0
13 03 23,22:00:04,arduino_sala,78.0,29.0,23.1
13 03 23,22:00:14,cuarto,73.96679,40.0,23.0
13 03 23,22:05:04,arduino_sala,78.0,29.5,23.1
13 03 23,22:05:07,cuarto,74.45879,40.0,23.0
13 03 23,22:10:04,arduino_sala,78.0,30.6,23.2
13 03 23,22:10:08,cuarto,73.91759,42.0,23.0
13 03 23,22:15:04,arduino_sala,78.0,36.3,23.2
13 03 23,22:15:08,cuarto,74.50799,43.0,23.0
13 03 23,22:20:03,arduino_sala,78.0,36.8,23.1
13 03 23,22:20:08,cuarto,74.6064,43.0,23.0
13 03 23,22:25:06,arduino_sala,78.0,35.6,23.1
13 03 23,22:25:15,cuarto,74.21279,43.0,23.0
13 03 23,22:30:03,arduino_sala,79.0,35.6,23.1
13 03 23,22:30:08,cuarto,73.96679,44.0,23.0
13 03 23,22:35:05,arduino_sala,78.0,35.4,23.2
13 03 23,22:35:09,cuarto,74.06519,44.0,23.0
13 03 23,22:40:05,arduino_sala,78.0,35.5,23.2
13 03 23,22:40:12,cuarto,74.06519,43.0,23.0
13 03 23,22:45:05,arduino_sala,79.0,35.2,23.2
13 03 23,22:45:13,cuarto,74.45879,43.0,23.0
13 03 23,22:50:05,arduino_sala,78.0,33.9,23.2
13 03 23,22:50:13,cuarto,74.50799,43.0,23.0
13 03 23,22:55:05,arduino_sala,78.0,34.3,23.1
13 03 23,22:55:13,cuarto,74.31119,43.0,23.0
13 03 23,23:00:04,arduino_sala,78.0,34.5,23.2
13 03 23,23:00:13,cuarto,74.50799,44.0,23.0
13 03 23,23:05:04,arduino_sala,79.0,32.7,23.2
13 03 23,23:05:07,cuarto,74.50799,43.0,23.0
13 03 23,23:10:04,arduino_sala,79.0,33.1,23.1
13 03 23,23:10:07,cuarto,74.40959,43.0,23.0
13 03 23,23:15:04,arduino_sala,79.0,32.2,23.3
13 03 23,23:15:09,cuarto,74.01599,43.0,23.0
13 03 23,23:20:04,arduino_sala,78.0,31.6,23.3
13 03 23,23:20:10,cuarto,73.91759,44.0,23.0
13 03 23,23:25:04,arduino_sala,79.0,31.6,23.3
13 03 23,23:25:11,cuarto,74.31119,43.0,23.0
13 03 23,23:30:03,arduino_sala,79.0,31.3,23.3
13 03 23,23:30:12,cuarto,73.96679,43.0,23.0
13 03 23,23:35:03,arduino_sala,78.0,31.3,23.3
13 03 23,23:35:10,cuarto,75.0,43.0,23.0
13 03 23,23:40:06,arduino_sala,79.0,31.0,23.4
13 03 23,23:40:15,cuarto,74.01599,43.0,23.0
13 03 23,23:45:05,arduino_sala,79.0,31.1,23.3
13 03 23,23:45:10,cuarto,73.96679,43.0,23.0
13 03 23,23:50:05,arduino_sala,79.0,30.9,23.1
13 03 23,23:50:14,cuarto,74.40959,42.0,23.0
13 03 23,23:55:05,arduino_sala,79.0,31.8,23.1
13 03 23,23:55:13,cuarto,73.96679,43.0,23.0
14 03 23,00:00:05,arduino_sala,79.0,31.8,23.1
14 03 23,00:00:10,cuarto,73.91759,42.0,23.0
14 03 23,00:05:05,arduino_sala,79.0,31.9,22.8
14 03 23,00:05:09,cuarto,73.96679,43.0,23.0
14 03 23,00:10:04,arduino_sala,79.0,31.9,23.0
14 03 23,00:10:13,cuarto,73.37638,41.0,23.0
14 03 23,00:15:04,arduino_sala,79.0,31.1,22.9
14 03 23,00:15:08,cuarto,74.06519,42.0,23.0
14 03 23,00:20:04,arduino_sala,79.0,31.1,22.9
14 03 23,00:20:11,cuarto,74.06519,40.0,23.0
14 03 23,00:25:04,arduino_sala,79.0,31.3,22.8
14 03 23,00:25:06,cuarto,73.47478,41.0,23.0
14 03 23,00:30:04,arduino_sala,79.0,32.0,22.8
14 03 23,00:30:07,cuarto,73.91759,42.0,23.0
14 03 23,00:35:03,arduino_sala,79.0,32.2,22.9
14 03 23,00:35:07,cuarto,74.01599,41.0,23.0
14 03 23,00:40:06,arduino_sala,79.0,32.3,22.7
14 03 23,00:40:14,cuarto,74.06519,41.0,23.0
14 03 23,00:45:06,arduino_sala,79.0,32.3,22.7
14 03 23,00:45:14,cuarto,74.26199,41.0,23.0
14 03 23,00:50:05,arduino_sala,79.0,31.7,22.6
14 03 23,00:50:15,cuarto,74.11439,41.0,23.0
14 03 23,00:55:05,arduino_sala,79.0,33.4,22.6
14 03 23,00:55:15,cuarto,73.42558,42.0,23.0
14 03 23,01:00:05,arduino_sala,78.0,32.5,22.6
14 03 23,01:00:09,cuarto,73.32719,41.0,23.0
14 03 23,01:05:05,arduino_sala,79.0,32.9,22.6
14 03 23,01:05:09,cuarto,73.42558,41.0,23.0
14 03 23,01:10:05,arduino_sala,79.0,32.4,22.4
14 03 23,01:10:10,cuarto,73.96679,41.0,23.0
14 03 23,01:15:04,arduino_sala,79.0,33.0,22.6
14 03 23,01:15:10,cuarto,73.52399,41.0,23.0
14 03 23,01:20:04,arduino_sala,79.0,32.9,22.6
14 03 23,01:20:12,cuarto,74.06519,40.0,23.0
14 03 23,01:25:04,arduino_sala,79.0,32.5,22.6
14 03 23,01:25:12,cuarto,73.96679,40.0,23.0
14 03 23,01:30:04,arduino_sala,79.0,32.2,22.6
14 03 23,01:30:13,cuarto,74.01599,40.0,23.0
14 03 23,01:35:04,arduino_sala,78.0,32.5,22.7
14 03 23,01:35:13,cuarto,73.76999,40.0,23.0
14 03 23,01:40:03,arduino_sala,78.0,32.3,22.7
14 03 23,01:40:07,cuarto,73.72079,40.0,23.0
14 03 23,01:45:03,arduino_sala,79.0,31.7,22.6
14 03 23,01:45:08,cuarto,73.47478,40.0,23.0
14 03 23,01:50:06,arduino_sala,78.0,32.4,22.6
14 03 23,01:50:09,cuarto,73.62238,40.0,23.0
14 03 23,01:55:05,arduino_sala,78.0,32.3,22.6
14 03 23,01:55:12,cuarto,74.16359,40.0,23.0
14 03 23,02:00:05,arduino_sala,78.0,32.2,22.5
14 03 23,02:00:13,cuarto,73.96679,40.0,23.0
14 03 23,02:05:05,arduino_sala,79.0,32.2,22.6
14 03 23,02:05:13,cuarto,73.67158,40.0,23.0
14 03 23,02:10:05,arduino_sala,79.0,32.0,22.6
14 03 23,02:10:13,cuarto,73.52399,40.0,22.0
14 03 23,02:15:05,arduino_sala,78.0,32.5,22.6
14 03 23,02:15:14,cuarto,74.21279,40.0,22.0
14 03 23,02:20:04,arduino_sala,78.0,31.3,22.6
14 03 23,02:20:14,cuarto,73.96679,40.0,22.0
14 03 23,02:25:04,arduino_sala,78.0,31.8,22.5
14 03 23,02:25:14,cuarto,73.96679,40.0,22.0
14 03 23,02:30:04,arduino_sala,78.0,31.3,22.5
14 03 23,02:30:13,cuarto,74.06519,41.0,22.0
14 03 23,02:35:04,arduino_sala,79.0,31.0,22.5
14 03 23,02:35:14,cuarto,73.96679,40.0,22.0
14 03 23,02:40:04,arduino_sala,78.0,31.3,22.5
14 03 23,02:40:07,cuarto,74.11439,41.0,22.0
14 03 23,02:45:03,arduino_sala,79.0,31.3,22.4
14 03 23,02:45:07,cuarto,74.01599,40.0,22.0
14 03 23,02:50:06,arduino_sala,78.0,31.0,22.3
14 03 23,02:50:14,cuarto,73.72079,41.0,22.0
14 03 23,02:55:06,arduino_sala,78.0,31.4,22.4
14 03 23,02:55:14,cuarto,73.96679,41.0,22.0
14 03 23,03:00:05,arduino_sala,78.0,31.4,22.4
14 03 23,03:00:14,cuarto,73.42558,40.0,22.0
14 03 23,03:05:05,arduino_sala,78.0,31.0,22.3
14 03 23,03:05:14,cuarto,73.96679,41.0,22.0
14 03 23,03:10:05,arduino_sala,78.0,31.0,22.3
14 03 23,03:10:14,cuarto,73.72079,41.0,22.0
14 03 23,03:15:05,arduino_sala,78.0,30.2,22.3
14 03 23,03:15:14,cuarto,72.44157,41.0,22.0
14 03 23,03:20:05,arduino_sala,78.0,30.4,22.0
14 03 23,03:20:13,cuarto,74.01599,41.0,22.0
14 03 23,03:25:05,arduino_sala,78.0,30.7,22.1
14 03 23,03:25:13,cuarto,73.72079,41.0,22.0
14 03 23,03:30:04,arduino_sala,78.0,30.9,22.1
14 03 23,03:30:13,cuarto,74.40959,41.0,22.0
14 03 23,03:35:04,arduino_sala,79.0,30.8,22.2
14 03 23,03:35:13,cuarto,73.96679,42.0,22.0
14 03 23,03:40:04,arduino_sala,78.0,30.2,22.2
14 03 23,03:40:13,cuarto,73.17958,42.0,22.0
14 03 23,03:45:04,arduino_sala,78.0,31.0,22.2
14 03 23,03:45:13,cuarto,74.21279,42.0,22.0
14 03 23,03:50:04,arduino_sala,78.0,30.9,22.1
14 03 23,03:50:13,cuarto,73.76999,42.0,22.0
14 03 23,03:55:03,arduino_sala,78.0,31.1,22.1
14 03 23,03:55:13,cuarto,73.81919,42.0,22.0
14 03 23,04:00:06,arduino_sala,78.0,30.9,22.1
14 03 23,04:00:13,cuarto,74.21279,42.0,22.0
14 03 23,04:05:06,arduino_sala,78.0,30.6,22.2
14 03 23,04:05:13,cuarto,74.26199,42.0,22.0
14 03 23,04:10:05,arduino_sala,78.0,30.6,22.1
14 03 23,04:10:14,cuarto,73.57319,42.0,22.0
14 03 23,04:15:05,arduino_sala,78.0,30.5,22.1
14 03 23,04:15:14,cuarto,73.96679,42.0,22.0
14 03 23,04:20:05,arduino_sala,78.0,30.9,22.1
14 03 23,04:20:14,cuarto,73.32719,42.0,22.0
14 03 23,04:25:05,arduino_sala,78.0,31.6,22.1
14 03 23,04:25:14,cuarto,73.86838,42.0,22.0
14 03 23,04:30:05,arduino_sala,78.0,31.6,22.0
14 03 23,04:30:14,cuarto,73.81919,42.0,22.0
14 03 23,04:35:04,arduino_sala,78.0,30.9,22.0
14 03 23,04:35:14,cuarto,74.21279,42.0,22.0
14 03 23,04:40:04,arduino_sala,78.0,31.2,22.1
14 03 23,04:40:14,cuarto,73.81919,42.0,22.0
14 03 23,04:45:04,arduino_sala,78.0,30.8,22.0
14 03 23,04:45:14,cuarto,73.96679,42.0,22.0
14 03 23,04:50:04,arduino_sala,78.0,30.7,22.0
14 03 23,04:50:14,cuarto,74.50799,42.0,22.0
14 03 23,04:55:04,arduino_sala,78.0,30.7,22.0
14 03 23,04:55:14,cuarto,74.01599,43.0,22.0
14 03 23,05:00:03,arduino_sala,78.0,31.4,21.9
14 03 23,05:00:13,cuarto,73.62238,43.0,22.0
14 03 23,05:05:03,arduino_sala,78.0,30.5,21.9
14 03 23,05:05:13,cuarto,74.01599,43.0,22.0
14 03 23,05:10:06,arduino_sala,78.0,30.9,21.8
14 03 23,05:10:13,cuarto,73.52399,42.0,22.0
14 03 23,05:15:05,arduino_sala,78.0,30.8,21.9
14 03 23,05:15:13,cuarto,74.31119,42.0,22.0
14 03 23,05:20:05,arduino_sala,78.0,30.2,21.9
14 03 23,05:20:13,cuarto,73.96679,42.0,22.0
14 03 23,05:25:05,arduino_sala,78.0,30.8,21.9
14 03 23,05:25:12,cuarto,73.22878,41.0,21.0
14 03 23,05:30:05,arduino_sala,78.0,31.1,21.9
14 03 23,05:30:12,cuarto,73.86838,41.0,21.0
14 03 23,05:35:05,arduino_sala,78.0,30.4,21.8
14 03 23,05:35:12,cuarto,73.96679,41.0,21.0
14 03 23,05:40:05,arduino_sala,78.0,30.9,21.8
14 03 23,05:40:12,cuarto,74.21279,41.0,21.0
14 03 23,05:45:04,arduino_sala,78.0,30.8,21.8
14 03 23,05:45:12,cuarto,74.01599,41.0,21.0
14 03 23,05:50:04,arduino_sala,78.0,30.7,21.8
14 03 23,05:50:12,cuarto,73.76999,41.0,21.0
14 03 23,05:55:04,arduino_sala,78.0,30.7,21.7
14 03 23,05:55:12,cuarto,73.91759,41.0,21.0
14 03 23,06:00:04,arduino_sala,78.0,31.1,21.7
14 03 23,06:00:12,cuarto,73.76999,41.0,21.0
14 03 23,06:05:04,arduino_sala,78.0,31.5,21.6
14 03 23,06:05:12,cuarto,73.81919,41.0,21.0
14 03 23,06:10:06,arduino_sala,78.0,30.8,21.6
14 03 23,06:10:12,cuarto,73.96679,41.0,21.0
14 03 23,06:15:06,arduino_sala,78.0,31.7,21.6
14 03 23,06:15:12,cuarto,73.72079,41.0,21.0
14 03 23,06:20:06,arduino_sala,78.0,31.7,21.6
14 03 23,06:20:12,cuarto,73.47478,41.0,21.0
14 03 23,06:25:05,arduino_sala,78.0,31.0,21.7
14 03 23,06:25:12,cuarto,73.96679,41.0,21.0
14 03 23,06:30:05,arduino_sala,78.0,31.3,21.6
14 03 23,06:30:12,cuarto,73.96679,41.0,21.0
14 03 23,06:35:05,arduino_sala,78.0,31.7,21.7
14 03 23,06:35:12,cuarto,73.52399,41.0,21.0
14 03 23,06:40:05,arduino_sala,78.0,31.4,21.6
14 03 23,06:40:14,cuarto,73.22878,41.0,21.0
14 03 23,06:45:05,arduino_sala,78.0,32.0,21.6
14 03 23,06:45:14,cuarto,73.96679,41.0,21.0
14 03 23,06:50:04,arduino_sala,78.0,31.7,21.5
14 03 23,06:50:14,cuarto,73.32719,41.0,21.0
14 03 23,06:55:04,arduino_sala,78.0,32.3,21.5
14 03 23,06:55:07,cuarto,73.76999,41.0,21.0
14 03 23,07:00:04,arduino_sala,78.0,31.8,21.5
14 03 23,07:00:07,cuarto,73.52399,42.0,21.0
14 03 23,07:05:04,arduino_sala,78.0,32.1,21.5
14 03 23,07:05:08,cuarto,73.72079,43.0,21.0
14 03 23,07:10:04,arduino_sala,78.0,32.7,21.6
14 03 23,07:10:08,cuarto,73.96679,44.0,21.0
14 03 23,07:15:03,arduino_sala,78.0,32.1,21.5
14 03 23,07:15:08,cuarto,73.91759,44.0,21.0
14 03 23,07:20:03,arduino_sala,78.0,32.1,21.6
14 03 23,07:20:08,cuarto,73.32719,44.0,21.0
14 03 23,07:25:03,arduino_sala,78.0,32.3,21.6
14 03 23,07:25:08,cuarto,73.22878,44.0,21.0
14 03 23,07:30:03,arduino_sala,78.0,32.2,21.6
14 03 23,07:30:08,cuarto,73.81919,44.0,21.0
14 03 23,07:35:05,arduino_sala,78.0,32.2,21.5
14 03 23,07:35:08,cuarto,73.76999,44.0,21.0
14 03 23,07:40:05,arduino_sala,78.0,33.6,21.4
14 03 23,07:40:08,cuarto,73.22878,44.0,21.0
14 03 23,07:45:05,arduino_sala,78.0,32.6,21.5
14 03 23,07:45:08,cuarto,73.67158,44.0,21.0
14 03 23,07:50:05,arduino_sala,78.0,32.9,21.4
14 03 23,07:50:08,cuarto,73.86838,44.0,21.0
14 03 23,07:55:04,arduino_sala,78.0,33.3,21.4
14 03 23,07:55:10,cuarto,74.01599,44.0,21.0
14 03 23,08:00:04,arduino_sala,78.0,33.4,21.4
14 03 23,08:00:10,cuarto,73.67158,45.0,21.0
14 03 23,08:05:04,arduino_sala,78.0,33.4,21.4
14 03 23,08:05:10,cuarto,73.42558,45.0,21.0
14 03 23,08:10:04,arduino_sala,78.0,33.7,21.4
14 03 23,08:10:13,cuarto,74.21279,45.0,21.0
14 03 23,08:15:04,arduino_sala,78.0,32.8,21.4
14 03 23,08:15:13,cuarto,74.21279,43.0,21.0
14 03 23,08:20:03,arduino_sala,78.0,33.0,21.5
14 03 23,08:20:06,cuarto,73.67158,42.0,21.0
14 03 23,08:25:03,arduino_sala,78.0,32.9,21.5
14 03 23,08:25:07,cuarto,73.62238,43.0,22.0
14 03 23,08:30:06,arduino_sala,78.0,33.3,21.6
14 03 23,08:30:15,cuarto,73.96679,43.0,22.0
14 03 23,08:35:03,arduino_sala,78.0,32.7,21.7
14 03 23,08:35:08,cuarto,73.96679,42.0,22.0
14 03 23,08:40:05,arduino_sala,78.0,32.8,21.6
14 03 23,08:40:16,cuarto,73.67158,41.0,22.0
14 03 23,08:45:05,arduino_sala,78.0,32.1,21.7
14 03 23,08:45:09,cuarto,73.81919,41.0,22.0
14 03 23,08:50:05,arduino_sala,78.0,32.6,21.6
14 03 23,08:50:09,cuarto,73.67158,42.0,22.0
14 03 23,08:55:05,arduino_sala,78.0,32.4,21.7
14 03 23,08:55:09,cuarto,73.96679,42.0,22.0
14 03 23,09:00:04,arduino_sala,78.0,32.6,21.8
14 03 23,09:00:09,cuarto,73.91759,43.0,22.0
14 03 23,09:05:04,arduino_sala,78.0,32.9,21.7
14 03 23,09:05:09,cuarto,73.72079,43.0,22.0
14 03 23,09:10:04,arduino_sala,78.0,32.8,21.8
14 03 23,09:10:09,cuarto,73.86838,43.0,22.0
14 03 23,09:15:04,arduino_sala,78.0,32.3,21.8
14 03 23,09:15:09,cuarto,73.47478,43.0,22.0
14 03 23,09:20:04,arduino_sala,78.0,32.5,21.9
14 03 23,09:20:09,cuarto,73.96679,43.0,22.0
14 03 23,09:25:04,arduino_sala,78.0,32.1,21.8
14 03 23,09:25:09,cuarto,74.01599,43.0,22.0
14 03 23,09:30:03,arduino_sala,78.0,32.1,21.8
14 03 23,09:30:09,cuarto,73.81919,43.0,22.0
14 03 23,09:35:03,arduino_sala,78.0,32.2,21.9
14 03 23,09:35:09,cuarto,73.22878,43.0,22.0
14 03 23,09:40:06,arduino_sala,78.0,32.2,21.9
14 03 23,09:40:09,cuarto,73.62238,43.0,22.0
14 03 23,09:45:05,arduino_sala,78.0,32.3,22.0
14 03 23,09:45:09,cuarto,73.96679,43.0,22.0
14 03 23,09:50:05,arduino_sala,78.0,32.5,22.0
14 03 23,09:50:09,cuarto,73.76999,43.0,22.0
14 03 23,09:55:05,arduino_sala,78.0,32.0,22.0
14 03 23,09:55:08,cuarto,73.81919,43.0,22.0
14 03 23,10:00:05,arduino_sala,78.0,32.8,22.0
14 03 23,10:00:08,cuarto,73.08118,43.0,22.0
14 03 23,10:05:05,arduino_sala,78.0,32.5,22.0
14 03 23,10:05:08,cuarto,73.42558,43.0,22.0
14 03 23,10:10:04,arduino_sala,78.0,32.7,22.0
14 03 23,10:10:08,cuarto,73.96679,43.0,22.0
14 03 23,10:15:04,arduino_sala,78.0,32.5,22.0
14 03 23,10:15:09,cuarto,73.72079,43.0,22.0
14 03 23,10:20:04,arduino_sala,78.0,32.2,22.1
14 03 23,10:20:10,cuarto,73.42558,42.0,22.0
14 03 23,10:25:04,arduino_sala,78.0,32.2,22.0
14 03 23,10:25:10,cuarto,73.62238,42.0,22.0
14 03 23,10:30:04,arduino_sala,78.0,32.8,22.2
14 03 23,10:30:10,cuarto,73.86838,43.0,22.0
14 03 23,10:35:03,arduino_sala,78.0,33.2,22.1
14 03 23,10:35:09,cuarto,73.62238,43.0,22.0
14 03 23,10:40:03,arduino_sala,78.0,32.2,22.2
14 03 23,10:40:09,cuarto,73.96679,42.0,22.0
14 03 23,10:45:03,arduino_sala,78.0,32.8,22.1
14 03 23,10:45:09,cuarto,73.17958,43.0,22.0
14 03 23,10:50:05,arduino_sala,78.0,33.3,22.2
14 03 23,10:50:09,cuarto,73.62238,42.0,22.0
14 03 23,10:55:05,arduino_sala,78.0,32.9,22.2
14 03 23,10:55:09,cuarto,73.03198,42.0,22.0
14 03 23,11:00:05,arduino_sala,78.0,33.2,22.2
14 03 23,11:00:09,cuarto,74.01599,41.0,22.0
14 03 23,11:05:05,arduino_sala,78.0,31.7,22.2
14 03 23,11:05:08,cuarto,73.76999,41.0,22.0
14 03 23,11:10:05,arduino_sala,78.0,32.1,22.3
14 03 23,11:10:09,cuarto,73.27798,41.0,22.0
14 03 23,11:15:04,arduino_sala,78.0,33.1,22.3
14 03 23,11:15:09,cuarto,73.96679,41.0,22.0
14 03 23,11:20:04,arduino_sala,78.0,31.8,22.3
14 03 23,11:20:09,cuarto,74.01599,41.0,22.0
14 03 23,11:25:04,arduino_sala,78.0,32.4,22.4
14 03 23,11:25:09,cuarto,73.72079,40.0,22.0
14 03 23,11:30:04,arduino_sala,78.0,32.8,22.4
14 03 23,11:30:09,cuarto,73.96679,41.0,22.0
14 03 23,11:35:04,arduino_sala,78.0,31.7,22.4
14 03 23,11:35:09,cuarto,73.96679,41.0,22.0
14 03 23,11:40:03,arduino_sala,78.0,31.4,22.5
14 03 23,11:40:09,cuarto,73.42558,40.0,22.0
14 03 23,11:45:06,arduino_sala,78.0,31.9,22.5
14 03 23,11:45:09,cuarto,73.42558,41.0,22.0
14 03 23,11:50:06,arduino_sala,78.0,32.6,22.5
14 03 23,11:50:09,cuarto,73.42558,41.0,22.0
14 03 23,11:55:05,arduino_sala,78.0,32.4,22.5
14 03 23,11:55:09,cuarto,73.62238,40.0,23.0
14 03 23,12:00:05,arduino_sala,78.0,32.6,22.5
14 03 23,12:00:09,cuarto,73.42558,40.0,23.0
14 03 23,12:05:05,arduino_sala,78.0,31.1,22.5
14 03 23,12:05:09,cuarto,73.81919,39.0,23.0
14 03 23,12:10:05,arduino_sala,78.0,32.7,22.5
14 03 23,12:10:08,cuarto,73.72079,40.0,23.0
14 03 23,12:15:05,arduino_sala,78.0,32.0,22.6
14 03 23,12:15:09,cuarto,73.37638,39.0,23.0
14 03 23,12:20:04,arduino_sala,78.0,31.9,22.7
14 03 23,12:20:09,cuarto,73.96679,39.0,23.0
14 03 23,12:25:04,arduino_sala,78.0,32.0,22.7
14 03 23,12:25:10,cuarto,73.96679,39.0,23.0
14 03 23,12:30:04,arduino_sala,78.0,30.7,22.7
14 03 23,12:30:12,cuarto,73.42558,37.0,23.0
14 03 23,12:35:04,arduino_sala,78.0,30.9,22.7
14 03 23,12:35:12,cuarto,74.40959,37.0,23.0
14 03 23,12:40:04,arduino_sala,78.0,30.7,22.8
14 03 23,12:40:12,cuarto,73.62238,36.0,23.0
14 03 23,12:45:03,arduino_sala,78.0,31.1,22.8
14 03 23,12:45:12,cuarto,73.62238,38.0,23.0
14 03 23,12:50:06,arduino_sala,78.0,30.9,22.8
14 03 23,12:50:12,cuarto,73.47478,38.0,23.0
14 03 23,12:55:06,arduino_sala,78.0,31.1,22.9
14 03 23,12:55:12,cuarto,73.08118,36.0,23.0
14 03 23,13:00:05,arduino_sala,78.0,31.2,22.9
14 03 23,13:00:12,cuarto,73.91759,38.0,23.0
14 03 23,13:05:05,arduino_sala,78.0,30.2,22.9
14 03 23,13:05:12,cuarto,73.86838,34.0,23.0
14 03 23,13:10:05,arduino_sala,78.0,30.0,22.9
14 03 23,13:10:12,cuarto,73.47478,34.0,23.0
14 03 23,13:15:05,arduino_sala,78.0,30.5,22.9
14 03 23,13:15:12,cuarto,73.42558,37.0,23.0
14 03 23,13:20:05,arduino_sala,78.0,31.2,23.0
14 03 23,13:20:11,cuarto,74.11439,36.0,23.0
14 03 23,13:25:05,arduino_sala,78.0,31.4,23.0
14 03 23,13:25:13,cuarto,73.27798,36.0,23.0
14 03 23,13:30:04,arduino_sala,78.0,30.4,23.0
14 03 23,13:30:10,cuarto,73.42558,34.0,23.0
14 03 23,13:35:04,arduino_sala,79.0,30.7,22.9
14 03 23,13:35:13,cuarto,73.67158,35.0,23.0
14 03 23,13:40:04,arduino_sala,79.0,30.5,23.0
14 03 23,13:40:07,cuarto,73.67158,35.0,23.0
14 03 23,13:45:04,arduino_sala,78.0,30.3,23.1
14 03 23,13:45:07,cuarto,73.47478,34.0,23.0
14 03 23,13:50:04,arduino_sala,78.0,29.8,23.0
14 03 23,13:50:10,cuarto,73.86838,33.0,23.0
14 03 23,13:55:03,arduino_sala,78.0,29.4,23.1
14 03 23,13:55:10,cuarto,74.01599,34.0,23.0
14 03 23,14:00:03,arduino_sala,78.0,29.8,22.9
14 03 23,14:00:10,cuarto,73.17958,33.0,23.0
14 03 23,14:05:03,arduino_sala,78.0,29.2,23.0
14 03 23,14:05:10,cuarto,73.27798,31.0,23.0
14 03 23,14:10:05,arduino_sala,78.0,29.7,23.0
14 03 23,14:10:10,cuarto,73.67158,33.0,23.0
14 03 23,14:15:05,arduino_sala,78.0,29.8,22.9
14 03 23,14:15:11,cuarto,73.22878,33.0,23.0
14 03 23,14:20:05,arduino_sala,78.0,29.8,22.9
14 03 23,14:20:11,cuarto,73.17958,35.0,24.0
14 03 23,14:25:05,arduino_sala,78.0,27.2,22.9
14 03 23,14:25:12,cuarto,73.13038,36.0,24.0
14 03 23,14:30:05,arduino_sala,78.0,27.8,22.9
14 03 23,14:30:13,cuarto,73.91759,35.0,24.0
14 03 23,14:35:04,arduino_sala,78.0,26.6,23.0
14 03 23,14:35:14,cuarto,72.88438,31.0,24.0
14 03 23,14:40:04,arduino_sala,78.0,26.4,22.9
14 03 23,14:40:07,cuarto,73.03198,31.0,24.0
14 03 23,14:45:04,arduino_sala,79.0,26.8,22.9
14 03 23,14:45:08,cuarto,73.72079,32.0,24.0
14 03 23,14:50:04,arduino_sala,79.0,26.8,22.9
14 03 23,14:50:10,cuarto,73.13038,30.0,24.0
14 03 23,14:55:04,arduino_sala,78.0,27.2,23.0
14 03 23,14:55:10,cuarto,73.22878,34.0,24.0
14 03 23,15:00:03,arduino_sala,79.0,29.0,23.0
14 03 23,15:00:10,cuarto,73.22878,36.0,24.0
14 03 23,15:05:03,arduino_sala,79.0,32.8,23.1
14 03 23,15:05:11,cuarto,73.47478,37.0,24.0
14 03 23,15:10:06,arduino_sala,79.0,32.0,23.0
14 03 23,15:10:12,cuarto,73.32719,39.0,24.0
14 03 23,15:15:06,arduino_sala,79.0,33.1,23.1
14 03 23,15:15:12,cuarto,73.32719,39.0,24.0
14 03 23,15:20:05,arduino_sala,79.0,33.1,23.1
14 03 23,15:20:13,cuarto,73.22878,38.0,24.0
14 03 23,15:25:05,arduino_sala,79.0,32.6,23.0
14 03 23,15:25:14,cuarto,73.72079,39.0,24.0
14 03 23,15:30:05,arduino_sala,79.0,32.4,23.0
14 03 23,15:30:14,cuarto,73.76999,37.0,24.0
14 03 23,15:35:05,arduino_sala,79.0,32.6,23.0
14 03 23,15:35:15,cuarto,73.81919,39.0,24.0
14 03 23,15:40:05,arduino_sala,79.0,32.5,23.0
14 03 23,15:40:14,cuarto,73.81919,40.0,24.0
14 03 23,15:45:04,arduino_sala,79.0,33.3,22.9
14 03 23,15:45:08,cuarto,73.72079,40.0,24.0
14 03 23,15:50:04,arduino_sala,79.0,33.4,22.9
14 03 23,15:50:08,cuarto,73.22878,40.0,24.0
14 03 23,15:55:04,arduino_sala,79.0,33.5,22.9
14 03 23,15:55:08,cuarto,72.88438,40.0,24.0
14 03 23,16:05:06,,79.0,35.1,22.7
14 03 23,16:10:06,arduino_sala,79.0,35.9,22.6
14 03 23,16:15:05,arduino_sala,79.0,35.1,22.7
14 03 23,16:20:05,arduino_sala,79.0,35.9,22.9
14 03 23,16:25:05,arduino_sala,79.0,36.4,22.8
14 03 23,16:30:05,arduino_sala,79.0,35.7,23.0
14 03 23,16:35:05,arduino_sala,79.0,35.1,23.0
14 03 23,16:40:05,arduino_sala,79.0,35.4,23.0
14 03 23,16:45:04,arduino_sala,79.0,35.0,23.0
14 03 23,16:50:04,arduino_sala,79.0,35.6,23.0
14 03 23,16:55:04,arduino_sala,79.0,35.9,22.9
14 03 23,17:00:04,arduino_sala,79.0,36.2,22.8
14 03 23,17:05:04,arduino_sala,79.0,36.6,22.8
14 03 23,17:10:03,arduino_sala,79.0,37.6,22.8
14 03 23,17:15:06,arduino_sala,79.0,36.3,22.7
14 03 23,17:20:06,arduino_sala,79.0,36.3,22.8
14 03 23,17:25:03,arduino_sala,79.0,34.6,22.7
14 03 23,17:30:05,arduino_sala,79.0,37.2,22.7
14 03 23,17:35:05,arduino_sala,79.0,36.0,22.8
14 03 23,17:40:05,arduino_sala,79.0,38.8,22.8
14 03 23,17:45:05,arduino_sala,79.0,39.1,22.8
14 03 23,17:50:04,arduino_sala,79.0,41.2,22.8
14 03 23,17:55:04,arduino_sala,79.0,39.2,22.8
14 03 23,18:00:04,arduino_sala,79.0,40.7,22.8
14 03 23,18:05:04,arduino_sala,79.0,38.5,22.9
14 03 23,18:10:04,arduino_sala,79.0,35.5,22.9
14 03 23,18:15:03,arduino_sala,79.0,36.8,23.0
14 03 23,18:20:03,arduino_sala,79.0,35.5,23.1
14 03 23,18:25:06,arduino_sala,79.0,35.6,23.0
14 03 23,18:30:03,arduino_sala,79.0,36.0,23.1
14 03 23,18:35:05,arduino_sala,79.0,35.4,23.0
14 03 23,18:40:05,arduino_sala,79.0,35.8,23.1
14 03 23,18:45:05,arduino_sala,79.0,35.4,23.1
14 03 23,18:50:05,arduino_sala,79.0,35.9,23.1
14 03 23,18:55:05,arduino_sala,79.0,37.2,23.2
14 03 23,19:00:04,arduino_sala,79.0,37.4,23.2
14 03 23,19:05:04,arduino_sala,79.0,37.7,23.0
14 03 23,19:10:04,arduino_sala,79.0,39.6,23.0
14 03 23,19:15:04,arduino_sala,79.0,39.1,23.0
14 03 23,19:20:04,arduino_sala,79.0,42.2,23.0
14 03 23,19:25:03,arduino_sala,79.0,41.5,23.1
14 03 23,19:30:03,arduino_sala,79.0,40.5,23.1
14 03 23,19:35:06,arduino_sala,79.0,39.8,23.1
14 03 23,19:40:03,arduino_sala,79.0,39.2,23.1
14 03 23,19:45:05,arduino_sala,79.0,40.1,23.1
14 03 23,19:50:05,arduino_sala,79.0,40.3,23.0
14 03 23,19:55:05,arduino_sala,79.0,40.6,23.0
14 03 23,20:00:05,arduino_sala,79.0,40.7,23.1
14 03 23,20:05:05,arduino_sala,79.0,40.3,23.2
14 03 23,20:10:04,arduino_sala,79.0,41.7,23.2
14 03 23,20:15:04,arduino_sala,79.0,40.9,23.2
14 03 23,20:20:04,arduino_sala,79.0,40.1,23.3
14 03 23,20:25:04,arduino_sala,79.0,41.5,23.1
14 03 23,20:30:04,arduino_sala,79.0,40.9,23.2
14 03 23,20:35:03,arduino_sala,79.0,41.5,23.3
14 03 23,20:40:03,arduino_sala,79.0,41.7,23.3
14 03 23,20:45:06,arduino_sala,79.0,42.3,23.3
14 03 23,20:50:06,arduino_sala,79.0,42.1,23.4
14 03 23,20:55:05,arduino_sala,79.0,40.2,23.3
14 03 23,21:00:05,arduino_sala,79.0,41.1,23.4
14 03 23,21:05:05,arduino_sala,79.0,40.5,23.2
14 03 23,21:10:05,arduino_sala,79.0,41.3,23.3
14 03 23,21:15:05,arduino_sala,79.0,40.9,23.3
14 03 23,21:20:04,arduino_sala,79.0,42.0,23.3
14 03 23,21:25:04,arduino_sala,79.0,42.9,23.4
14 03 23,21:30:04,arduino_sala,79.0,41.3,23.3
14 03 23,21:35:04,arduino_sala,79.0,40.5,23.2
14 03 23,21:40:04,arduino_sala,79.0,39.6,23.1
14 03 23,21:45:03,arduino_sala,79.0,39.6,23.2
14 03 23,21:50:06,arduino_sala,79.0,39.5,23.2
14 03 23,21:55:06,arduino_sala,79.0,39.5,23.3
14 03 23,22:00:05,arduino_sala,79.0,40.0,23.3
14 03 23,22:05:03,arduino_sala,79.0,39.8,23.3
14 03 23,22:10:05,arduino_sala,79.0,41.6,23.1
14 03 23,22:15:05,arduino_sala,79.0,41.0,23.1
14 03 23,22:20:05,arduino_sala,79.0,41.5,23.1
14 03 23,22:25:05,arduino_sala,79.0,41.8,23.0
14 03 23,22:30:09,arduino_sala,79.0,41.5,23.0
14 03 23,22:35:04,arduino_sala,79.0,37.5,22.8
14 03 23,22:40:04,arduino_sala,79.0,39.6,22.9
14 03 23,22:45:04,arduino_sala,79.0,40.3,22.9
14 03 23,22:50:04,arduino_sala,79.0,39.8,23.0
14 03 23,22:55:03,arduino_sala,79.0,40.2,23.0
14 03 23,23:00:06,arduino_sala,79.0,39.0,23.0
14 03 23,23:05:06,arduino_sala,79.0,38.6,22.9
14 03 23,23:10:03,arduino_sala,79.0,39.1,22.9
14 03 23,23:15:05,arduino_sala,79.0,39.4,22.7
14 03 23,23:20:05,arduino_sala,79.0,38.2,22.7
14 03 23,23:25:05,arduino_sala,79.0,39.1,22.7
14 03 23,23:30:05,arduino_sala,79.0,39.4,22.8
14 03 23,23:35:05,arduino_sala,79.0,39.8,22.7
14 03 23,23:40:04,arduino_sala,79.0,39.5,22.8
14 03 23,23:45:04,arduino_sala,79.0,42.1,22.7
14 03 23,23:50:04,arduino_sala,79.0,44.6,22.7
14 03 23,23:55:04,arduino_sala,79.0,43.5,22.7
15 03 23,00:00:04,arduino_sala,79.0,42.0,22.6
15 03 23,00:05:04,arduino_sala,79.0,42.5,22.6
15 03 23,00:10:03,arduino_sala,79.0,41.0,22.6
15 03 23,00:15:06,arduino_sala,79.0,41.4,22.6
15 03 23,00:20:05,arduino_sala,79.0,39.6,22.5
15 03 23,00:25:05,arduino_sala,79.0,39.6,22.5
15 03 23,00:30:05,arduino_sala,79.0,40.3,22.4
15 03 23,00:35:05,arduino_sala,79.0,38.1,22.4
15 03 23,00:40:05,arduino_sala,79.0,38.8,22.2
15 03 23,00:45:04,arduino_sala,79.0,39.2,22.3
15 03 23,00:50:04,arduino_sala,79.0,38.3,22.3
15 03 23,00:55:04,arduino_sala,79.0,39.1,22.2
15 03 23,01:00:04,arduino_sala,79.0,38.7,22.3
15 03 23,01:05:04,arduino_sala,79.0,38.5,22.3
15 03 23,01:10:04,arduino_sala,79.0,39.6,22.3
15 03 23,01:15:03,arduino_sala,79.0,38.5,22.1
15 03 23,01:20:03,arduino_sala,79.0,39.5,22.2
15 03 23,01:25:06,arduino_sala,79.0,37.5,22.1
15 03 23,01:30:05,arduino_sala,79.0,37.7,22.1
15 03 23,01:35:05,arduino_sala,79.0,37.8,22.0
15 03 23,01:40:05,arduino_sala,79.0,36.6,22.1
15 03 23,01:45:05,arduino_sala,79.0,35.8,22.0
15 03 23,01:50:05,arduino_sala,79.0,37.4,22.1
15 03 23,01:55:05,arduino_sala,79.0,37.0,22.0
15 03 23,02:00:04,arduino_sala,79.0,37.3,22.1
15 03 23,02:05:04,arduino_sala,79.0,35.9,22.1
15 03 23,02:10:04,arduino_sala,79.0,35.4,22.0
15 03 23,02:15:04,arduino_sala,79.0,35.2,22.0
15 03 23,02:20:04,arduino_sala,79.0,34.8,21.9
15 03 23,02:25:03,arduino_sala,79.0,33.9,21.9
15 03 23,02:30:06,arduino_sala,79.0,35.3,21.9
15 03 23,02:35:03,arduino_sala,79.0,34.8,21.9
15 03 23,02:40:05,arduino_sala,79.0,34.8,21.9
15 03 23,02:45:03,arduino_sala,79.0,35.3,21.8
15 03 23,02:50:05,arduino_sala,79.0,35.8,21.8
15 03 23,02:55:05,arduino_sala,79.0,35.6,21.7
15 03 23,03:00:05,arduino_sala,79.0,35.4,21.7
15 03 23,03:05:05,arduino_sala,79.0,35.7,21.6
15 03 23,03:10:04,arduino_sala,79.0,35.6,21.6
15 03 23,03:15:04,arduino_sala,78.0,36.0,21.6
15 03 23,03:20:04,arduino_sala,79.0,35.8,21.6
15 03 23,03:25:04,arduino_sala,78.0,36.1,21.6
15 03 23,03:30:04,arduino_sala,78.0,35.9,21.5
15 03 23,03:35:03,arduino_sala,78.0,35.9,21.4
15 03 23,03:40:06,arduino_sala,78.0,36.0,21.4
15 03 23,03:45:03,arduino_sala,78.0,36.1,21.5
15 03 23,03:50:05,arduino_sala,78.0,36.0,21.4
15 03 23,03:55:05,arduino_sala,78.0,35.7,21.4
15 03 23,04:00:05,arduino_sala,78.0,35.9,21.4
15 03 23,04:05:05,arduino_sala,78.0,35.8,21.3
15 03 23,04:10:05,arduino_sala,78.0,36.4,21.3
15 03 23,04:15:05,arduino_sala,78.0,36.4,21.2
15 03 23,04:20:04,arduino_sala,78.0,37.2,21.2
15 03 23,04:25:04,arduino_sala,78.0,36.3,21.0
15 03 23,04:30:04,arduino_sala,78.0,36.6,21.2
15 03 23,04:35:04,arduino_sala,78.0,37.4,21.2
15 03 23,04:40:04,arduino_sala,78.0,36.5,21.2
15 03 23,04:45:03,arduino_sala,78.0,36.8,21.1
15 03 23,04:50:06,arduino_sala,78.0,36.9,21.1
15 03 23,04:55:03,arduino_sala,78.0,37.1,21.1
15 03 23,05:00:05,arduino_sala,78.0,36.8,21.1
15 03 23,05:05:05,arduino_sala,78.0,37.3,21.1
15 03 23,05:10:05,arduino_sala,78.0,37.2,21.0
15 03 23,05:15:05,arduino_sala,78.0,37.3,21.0
15 03 23,05:20:05,arduino_sala,78.0,37.4,21.0
15 03 23,05:25:04,arduino_sala,78.0,37.3,21.1
15 03 23,05:30:04,arduino_sala,78.0,37.5,21.0
15 03 23,05:35:04,arduino_sala,78.0,38.1,21.1
15 03 23,05:40:04,arduino_sala,78.0,37.8,21.1
15 03 23,05:45:04,arduino_sala,78.0,38.4,21.0
15 03 23,05:50:04,arduino_sala,78.0,37.6,21.0
15 03 23,05:55:03,arduino_sala,78.0,38.5,21.1
15 03 23,06:00:06,arduino_sala,78.0,38.0,21.0
15 03 23,06:05:03,duino_sala,78.0,37.2,21.0
15 03 23,06:10:05,arduino_sala,78.0,37.9,20.9
15 03 23,06:15:05,arduino_sala,78.0,39.1,21.0
15 03 23,06:20:05,arduino_sala,78.0,37.8,21.0
15 03 23,06:25:05,arduino_sala,78.0,37.6,20.9
15 03 23,06:30:05,arduino_sala,78.0,37.9,20.9
15 03 23,06:35:04,arduino_sala,78.0,37.7,21.0
15 03 23,06:40:04,arduino_sala,78.0,37.7,21.0
15 03 23,06:45:04,arduino_sala,78.0,37.3,20.9
15 03 23,06:50:04,arduino_sala,78.0,38.1,21.0
15 03 23,06:55:04,arduino_sala,78.0,37.3,20.9
15 03 23,07:00:03,arduino_sala,78.0,38.3,20.8
15 03 23,07:05:03,arduino_sala,78.0,38.5,20.9
15 03 23,07:10:06,arduino_sala,78.0,39.2,20.8
15 03 23,07:15:05,arduino_sala,78.0,38.2,20.8
15 03 23,07:20:05,arduino_sala,78.0,38.0,20.8
15 03 23,07:25:05,arduino_sala,78.0,37.4,20.7
15 03 23,07:30:05,arduino_sala,78.0,38.3,20.7
15 03 23,07:35:05,arduino_sala,78.0,39.3,20.8
15 03 23,07:40:05,arduino_sala,78.0,38.0,20.7
15 03 23,07:45:04,arduino_sala,78.0,38.9,20.6
15 03 23,07:50:04,arduino_sala,78.0,38.7,20.7
15 03 23,07:55:04,arduino_sala,78.0,37.4,20.9
15 03 23,08:00:04,arduino_sala,78.0,39.2,20.8
15 03 23,08:05:04,arduino_sala,78.0,38.4,20.9
15 03 23,08:10:03,arduino_sala,78.0,38.4,21.0
15 03 23,08:15:06,arduino_sala,78.0,38.7,21.0
15 03 23,08:20:06,arduino_sala,78.0,38.8,21.2
15 03 23,08:25:05,arduino_sala,78.0,39.9,21.1
15 03 23,08:30:05,arduino_sala,78.0,39.5,21.2
15 03 23,08:35:05,arduino_sala,78.0,39.0,21.1
15 03 23,08:40:05,arduino_sala,78.0,39.6,21.2
15 03 23,08:45:05,arduino_sala,78.0,40.0,21.2
15 03 23,08:50:04,arduino_sala,78.0,39.2,21.3
15 03 23,08:55:04,arduino_sala,78.0,39.5,21.1
15 03 23,09:00:04,arduino_sala,78.0,38.9,21.3
15 03 23,09:05:04,arduino_sala,78.0,38.4,21.2
15 03 23,09:10:04,arduino_sala,78.0,38.0,21.3
15 03 23,09:15:03,arduino_sala,78.0,38.4,21.4
15 03 23,09:20:03,arduino_sala,78.0,38.2,21.5
15 03 23,09:25:06,arduino_sala,78.0,38.5,21.5
15 03 23,09:30:06,arduino_sala,78.0,38.4,21.5
15 03 23,09:35:05,arduino_sala,78.0,37.5,21.5
15 03 23,09:40:05,arduino_sala,78.0,37.6,21.5
15 03 23,09:45:05,arduino_sala,78.0,37.5,21.5
15 03 23,09:50:05,arduino_sala,78.0,37.3,21.6
15 03 23,09:55:05,arduino_sala,78.0,37.0,21.5
15 03 23,10:00:04,arduino_sala,78.0,37.9,21.5
15 03 23,10:05:04,arduino_sala,78.0,37.7,21.6
15 03 23,10:10:04,arduino_sala,78.0,38.6,21.5
15 03 23,10:15:04,arduino_sala,78.0,38.1,21.6
15 03 23,10:20:04,arduino_sala,78.0,37.4,21.6
15 03 23,10:25:04,arduino_sala,78.0,38.3,21.5
15 03 23,10:30:03,arduino_sala,78.0,37.1,21.7
15 03 23,10:35:06,arduino_sala,78.0,37.5,21.7
15 03 23,10:40:03,arduino_sala,78.0,37.3,21.8
15 03 23,10:45:05,arduino_sala,78.0,38.3,21.8
15 03 23,10:50:05,arduino_sala,78.0,37.3,21.8
15 03 23,10:55:05,arduino_sala,78.0,37.1,22.0
15 03 23,11:00:05,arduino_sala,78.0,36.4,21.9
15 03 23,11:05:05,arduino_sala,78.0,36.9,22.0
15 03 23,11:10:04,arduino_sala,78.0,34.2,22.1
15 03 23,11:15:04,arduino_sala,78.0,35.6,22.1
15 03 23,11:20:04,arduino_sala,78.0,34.9,22.1
15 03 23,11:25:04,arduino_sala,78.0,34.9,22.1
15 03 23,11:30:04,arduino_sala,78.0,33.7,22.2
15 03 23,11:35:04,arduino_sala,78.0,32.1,22.1
15 03 23,11:40:03,arduino_sala,78.0,32.2,22.1
15 03 23,11:45:06,arduino_sala,78.0,30.9,22.1
15 03 23,11:50:06,arduino_sala,78.0,31.4,22.3
15 03 23,11:55:03,arduino_sala,78.0,32.3,22.2
15 03 23,12:00:05,arduino_sala,78.0,30.8,22.3
15 03 23,12:05:05,arduino_sala,78.0,30.8,22.4
15 03 23,12:10:05,arduino_sala,78.0,30.0,22.3
15 03 23,12:15:05,arduino_sala,78.0,30.2,22.3
15 03 23,12:20:04,arduino_sala,78.0,28.9,22.3
15 03 23,12:25:04,arduino_sala,78.0,29.1,22.4
15 03 23,12:30:04,arduino_sala,78.0,28.0,22.4
15 03 23,12:35:04,arduino_sala,78.0,27.9,22.5
15 03 23,12:40:04,arduino_sala,78.0,26.8,22.4
15 03 23,12:45:03,arduino_sala,78.0,27.5,22.5
15 03 23,12:50:03,arduino_sala,78.0,28.5,22.5
15 03 23,12:55:06,arduino_sala,78.0,27.6,22.4
15 03 23,13:00:06,arduino_sala,78.0,29.1,22.5
15 03 23,13:05:05,arduino_sala,78.0,30.0,22.4
15 03 23,13:10:05,arduino_sala,78.0,31.3,22.5
15 03 23,13:15:05,arduino_sala,78.0,32.5,22.5
15 03 23,13:20:05,arduino_sala,78.0,34.5,22.5
15 03 23,13:25:05,arduino_sala,79.0,37.5,22.5
15 03 23,13:30:04,arduino_sala,78.0,37.6,22.5
15 03 23,13:35:04,arduino_sala,79.0,36.8,22.5
15 03 23,13:40:04,arduino_sala,79.0,38.9,22.5
15 03 23,13:45:04,arduino_sala,79.0,38.4,22.6
15 03 23,13:50:04,arduino_sala,79.0,38.6,22.6
15 03 23,13:55:03,arduino_sala,79.0,38.6,22.7
15 03 23,14:00:06,arduino_sala,79.0,33.8,22.4
15 03 23,14:05:06,arduino_sala,79.0,34.6,22.4
15 03 23,14:10:05,arduino_sala,79.0,35.0,22.4
15 03 23,14:15:05,arduino_sala,79.0,33.5,22.4
15 03 23,14:20:05,arduino_sala,79.0,34.6,22.4
15 03 23,14:25:05,arduino_sala,79.0,34.3,22.3
15 03 23,14:30:05,arduino_sala,78.0,34.0,22.4
15 03 23,14:35:04,arduino_sala,79.0,34.8,22.3
15 03 23,14:40:04,arduino_sala,79.0,34.4,22.4
15 03 23,14:45:04,arduino_sala,79.0,35.1,22.4
15 03 23,14:50:04,arduino_sala,79.0,34.5,22.4
15 03 23,14:55:04,arduino_sala,79.0,34.8,22.4
15 03 23,15:00:03,arduino_sala,79.0,34.5,22.4
15 03 23,15:05:03,arduino_sala,79.0,35.2,22.5
15 03 23,15:10:06,arduino_sala,79.0,35.6,22.4
15 03 23,15:15:06,arduino_sala,79.0,34.7,22.5
15 03 23,15:20:05,arduino_sala,79.0,35.2,22.5
15 03 23,15:25:05,arduino_sala,79.0,35.6,22.5
15 03 23,15:30:05,arduino_sala,79.0,35.3,22.5
15 03 23,15:35:05,arduino_sala,79.0,35.8,22.5
15 03 23,15:40:05,arduino_sala,79.0,35.9,22.6
15 03 23,15:45:04,arduino_sala,79.0,36.2,22.6
15 03 23,15:50:04,arduino_sala,79.0,36.0,22.6
15 03 23,15:55:04,arduino_sala,79.0,35.6,22.7
15 03 23,16:00:04,arduino_sala,79.0,36.5,22.7
15 03 23,16:05:04,arduino_sala,79.0,36.1,22.6
15 03 23,16:10:03,arduino_sala,79.0,36.2,22.7
15 03 23,16:15:06,arduino_sala,79.0,36.8,22.6
15 03 23,16:20:06,arduino_sala,79.0,36.1,22.7
15 03 23,16:25:05,arduino_sala,79.0,36.2,22.8
15 03 23,16:30:05,arduino_sala,79.0,35.5,22.8
15 03 23,16:35:05,arduino_sala,79.0,35.5,22.7
15 03 23,16:40:05,arduino_sala,79.0,34.8,22.7
15 03 23,16:45:05,arduino_sala,79.0,33.6,22.7
15 03 23,16:50:04,arduino_sala,79.0,34.3,22.7
15 03 23,16:55:04,arduino_sala,79.0,35.1,22.7
15 03 23,17:00:04,arduino_sala,79.0,35.2,22.6
15 03 23,17:05:04,arduino_sala,79.0,35.4,22.5
15 03 23,17:10:04,arduino_sala,79.0,35.2,22.5
15 03 23,17:15:03,arduino_sala,79.0,35.6,22.5
15 03 23,17:20:03,arduino_sala,79.0,35.4,22.4
15 03 23,17:25:06,arduino_sala,79.0,35.5,22.2
15 03 23,17:30:06,arduino_sala,79.0,35.5,22.3
15 03 23,17:35:05,arduino_sala,79.0,35.9,22.3
15 03 23,17:40:05,arduino_sala,79.0,36.0,22.4
15 03 23,17:45:05,arduino_sala,79.0,36.0,22.4
15 03 23,17:50:05,arduino_sala,79.0,35.5,22.3
15 03 23,17:55:05,arduino_sala,79.0,35.1,22.2
15 03 23,18:00:04,arduino_sala,79.0,35.2,22.2
15 03 23,18:05:04,arduino_sala,79.0,34.6,22.1
15 03 23,18:10:04,arduino_sala,79.0,34.3,22.2
15 03 23,18:15:04,arduino_sala,79.0,34.1,22.0
15 03 23,18:20:04,arduino_sala,79.0,33.5,22.0
15 03 23,18:25:04,arduino_sala,79.0,33.5,22.0
15 03 23,18:30:03,arduino_sala,79.0,33.3,22.1
15 03 23,18:35:07,arduino_sala,79.0,34.6,22.1
15 03 23,18:40:05,arduino_sala,79.0,34.9,22.2
15 03 23,18:45:05,arduino_sala,79.0,36.1,22.3
15 03 23,18:50:05,arduino_sala,79.0,36.6,22.3
15 03 23,18:55:05,arduino_sala,79.0,37.6,22.3
15 03 23,19:00:05,arduino_sala,79.0,38.4,22.3
15 03 23,19:05:05,arduino_sala,79.0,38.0,22.3
15 03 23,19:10:04,arduino_sala,79.0,38.9,22.2
15 03 23,19:15:04,arduino_sala,79.0,39.2,22.3
15 03 23,19:20:04,arduino_sala,79.0,38.8,22.3
15 03 23,19:25:04,arduino_sala,79.0,39.5,22.4
15 03 23,19:30:04,arduino_sala,79.0,40.6,22.5
15 03 23,19:35:03,arduino_sala,79.0,41.3,22.5
15 03 23,19:40:03,arduino_sala,79.0,44.0,22.5
15 03 23,19:45:06,arduino_sala,79.0,45.6,22.5
15 03 23,19:50:05,arduino_sala,79.0,46.6,22.6
15 03 23,19:55:05,arduino_sala,79.0,47.1,22.6
15 03 23,20:00:05,arduino_sala,79.0,47.1,22.5
15 03 23,20:05:05,arduino_sala,79.0,47.0,22.5
15 03 23,20:10:05,arduino_sala,79.0,46.9,22.6
15 03 23,20:15:05,arduino_sala,79.0,47.0,22.6
15 03 23,20:20:04,arduino_sala,79.0,48.6,22.6
15 03 23,20:25:04,arduino_sala,79.0,49.2,22.6
15 03 23,20:30:04,arduino_sala,79.0,50.5,22.6
15 03 23,20:35:04,arduino_sala,79.0,51.1,22.7
15 03 23,20:40:04,arduino_sala,79.0,51.6,22.6
15 03 23,20:45:04,arduino_sala,79.0,51.7,22.7
15 03 23,20:50:03,arduino_sala,79.0,52.9,22.7
15 03 23,20:55:06,arduino_sala,79.0,50.8,22.7
15 03 23,21:00:03,arduino_sala,79.0,53.5,22.7
15 03 23,21:05:05,arduino_sala,79.0,52.4,22.7
15 03 23,21:10:05,arduino_sala,79.0,53.3,22.7
15 03 23,21:15:05,arduino_sala,79.0,52.4,22.6
15 03 23,21:20:05,arduino_sala,79.0,52.2,22.6
15 03 23,21:25:05,arduino_sala,79.0,51.5,22.7
15 03 23,21:30:04,arduino_sala,79.0,52.4,21.8
15 03 23,21:35:04,arduino_sala,79.0,51.2,22.3
15 03 23,21:40:04,arduino_sala,79.0,50.7,22.4
15 03 23,21:45:04,arduino_sala,79.0,48.0,22.4
15 03 23,21:50:04,arduino_sala,79.0,48.0,22.2
15 03 23,21:55:04,arduino_sala,79.0,47.2,22.3
15 03 23,22:00:03,arduino_sala,79.0,47.7,22.2
15 03 23,22:05:06,arduino_sala,79.0,46.6,22.3
15 03 23,22:10:03,arduino_sala,79.0,47.1,22.4
15 03 23,22:15:05,arduino_sala,79.0,46.9,22.6
15 03 23,22:20:05,arduino_sala,79.0,46.4,22.6
15 03 23,22:25:05,arduino_sala,79.0,46.4,22.5
15 03 23,22:30:05,arduino_sala,79.0,46.7,22.4
15 03 23,22:35:05,arduino_sala,79.0,46.5,22.5
15 03 23,22:40:05,arduino_sala,79.0,46.5,22.5
15 03 23,22:45:04,arduino_sala,79.0,46.0,22.5
15 03 23,22:50:04,arduino_sala,79.0,45.9,22.4
15 03 23,22:55:04,arduino_sala,79.0,45.2,22.5
15 03 23,23:00:04,arduino_sala,79.0,45.3,22.5
15 03 23,23:05:04,arduino_sala,79.0,44.6,22.6
15 03 23,23:10:03,arduino_sala,79.0,44.5,22.6
15 03 23,23:15:06,arduino_sala,79.0,44.6,22.2
15 03 23,23:20:06,arduino_sala,79.0,45.0,22.2
15 03 23,23:25:05,arduino_sala,79.0,44.9,22.2
15 03 23,23:30:03,arduino_sala,79.0,44.8,22.2
15 03 23,23:35:05,arduino_sala,79.0,44.2,22.3
15 03 23,23:40:05,arduino_sala,79.0,43.4,22.4
15 03 23,23:45:05,arduino_sala,79.0,43.6,22.3
15 03 23,23:50:05,arduino_sala,79.0,43.7,22.1
15 03 23,23:55:04,arduino_sala,79.0,43.4,22.2
16 03 23,00:00:04,arduino_sala,79.0,43.3,22.2
16 03 23,00:05:04,arduino_sala,79.0,43.2,22.2
16 03 23,00:10:04,arduino_sala,79.0,43.0,22.3
16 03 23,00:15:04,arduino_sala,79.0,43.3,22.3
16 03 23,00:20:03,arduino_sala,79.0,43.4,22.2
16 03 23,00:25:03,arduino_sala,79.0,43.1,22.0
16 03 23,00:30:06,arduino_sala,79.0,43.2,22.2
16 03 23,00:35:06,arduino_sala,79.0,43.1,22.2
16 03 23,00:40:03,arduino_sala,79.0,43.4,22.0
16 03 23,00:45:05,arduino_sala,79.0,43.2,22.0
16 03 23,00:50:05,arduino_sala,79.0,43.7,22.0
16 03 23,00:55:05,arduino_sala,79.0,43.5,22.0
16 03 23,01:00:05,arduino_sala,79.0,43.7,21.7
16 03 23,01:05:04,arduino_sala,79.0,43.9,21.8
16 03 23,01:10:04,arduino_sala,79.0,43.9,21.7
16 03 23,01:15:04,arduino_sala,79.0,43.7,21.7
16 03 23,01:20:04,arduino_sala,79.0,43.8,21.7
16 03 23,01:25:04,arduino_sala,79.0,44.1,21.7
16 03 23,01:30:04,arduino_sala,79.0,43.9,21.7
16 03 23,01:35:03,arduino_sala,79.0,43.9,21.6
16 03 23,01:40:06,arduino_sala,79.0,43.9,21.6
16 03 23,01:45:06,arduino_sala,79.0,43.4,21.6
16 03 23,01:50:05,arduino_sala,79.0,43.5,21.5
16 03 23,01:55:05,arduino_sala,79.0,43.6,21.5
16 03 23,02:00:05,arduino_sala,79.0,43.2,21.5
16 03 23,02:05:05,arduino_sala,79.0,43.6,21.5
16 03 23,02:10:05,arduino_sala,79.0,43.5,21.5
16 03 23,02:15:04,arduino_sala,79.0,43.5,21.5
16 03 23,02:20:04,arduino_sala,79.0,43.7,21.5
16 03 23,02:25:04,arduino_sala,79.0,43.5,21.5
16 03 23,02:30:04,arduino_sala,79.0,43.6,21.5
16 03 23,02:35:04,arduino_sala,79.0,43.6,21.3
16 03 23,02:40:04,arduino_sala,79.0,43.7,21.4
16 03 23,02:45:03,arduino_sala,79.0,43.8,21.4
16 03 23,02:50:06,arduino_sala,79.0,44.1,21.4
16 03 23,02:55:03,arduino_sala,79.0,44.1,21.4
16 03 23,03:00:05,arduino_sala,79.0,43.8,21.3
16 03 23,03:05:05,arduino_sala,79.0,43.7,21.2
16 03 23,03:10:05,arduino_sala,79.0,43.8,21.3
16 03 23,03:15:05,arduino_sala,79.0,44.4,21.3
16 03 23,03:20:05,arduino_sala,79.0,44.4,21.2
16 03 23,03:25:04,arduino_sala,78.0,44.5,21.3
16 03 23,03:30:04,arduino_sala,79.0,44.0,21.2
16 03 23,03:35:04,arduino_sala,78.0,44.2,21.2
16 03 23,03:40:04,arduino_sala,78.0,44.2,21.2
16 03 23,03:45:04,arduino_sala,79.0,43.8,21.1
16 03 23,03:50:04,arduino_sala,79.0,43.7,21.1
16 03 23,03:55:03,arduino_sala,79.0,43.8,21.2
16 03 23,04:00:06,arduino_sala,78.0,43.4,21.1
16 03 23,04:05:06,arduino_sala,78.0,44.1,21.1
16 03 23,04:10:05,arduino_sala,78.0,44.1,21.1
16 03 23,04:15:05,arduino_sala,78.0,44.0,21.0
16 03 23,04:20:05,arduino_sala,78.0,43.9,21.1
16 03 23,04:25:05,arduino_sala,78.0,44.3,20.9
16 03 23,04:30:05,arduino_sala,78.0,44.6,20.8
16 03 23,04:35:04,arduino_sala,78.0,45.1,20.8
16 03 23,04:40:04,arduino_sala,78.0,44.5,20.7
16 03 23,04:45:04,arduino_sala,78.0,44.0,20.9
16 03 23,04:50:04,arduino_sala,78.0,44.2,20.8
16 03 23,04:55:04,arduino_sala,78.0,44.3,20.8
16 03 23,05:00:04,arduino_sala,78.0,44.1,20.9
16 03 23,05:05:03,arduino_sala,78.0,44.8,20.9
16 03 23,05:10:06,arduino_sala,78.0,44.2,20.8
16 03 23,05:15:06,arduino_sala,78.0,44.3,20.8
16 03 23,05:20:05,arduino_sala,78.0,44.0,20.7
16 03 23,05:25:05,arduino_sala,78.0,44.0,20.8
16 03 23,05:30:05,arduino_sala,78.0,44.2,20.8
16 03 23,05:35:05,arduino_sala,78.0,44.7,20.6
16 03 23,05:40:05,arduino_sala,78.0,44.5,20.7
16 03 23,05:45:04,arduino_sala,78.0,45.0,20.7
16 03 23,05:50:04,arduino_sala,78.0,44.6,20.6
16 03 23,05:55:04,arduino_sala,78.0,44.5,20.7
16 03 23,06:00:04,arduino_sala,78.0,44.7,20.6
16 03 23,06:05:04,arduino_sala,78.0,44.2,20.6
16 03 23,06:10:04,arduino_sala,78.0,44.5,20.6
16 03 23,06:15:03,arduino_sala,78.0,44.6,20.6
16 03 23,06:20:06,arduino_sala,78.0,44.7,20.5
16 03 23,06:25:06,arduino_sala,78.0,45.1,20.5
16 03 23,06:30:05,arduino_sala,78.0,44.7,20.5
16 03 23,06:35:05,arduino_sala,78.0,45.4,20.5
16 03 23,06:40:05,arduino_sala,78.0,45.4,20.5
16 03 23,06:45:05,arduino_sala,78.0,45.4,20.4
16 03 23,06:50:05,arduino_sala,78.0,45.1,20.6
16 03 23,06:55:04,arduino_sala,78.0,45.5,20.4
16 03 23,07:00:04,arduino_sala,78.0,45.9,20.4
16 03 23,07:05:04,arduino_sala,78.0,45.7,20.4
16 03 23,07:10:04,arduino_sala,78.0,45.6,20.4
16 03 23,07:15:04,arduino_sala,78.0,46.0,20.4
16 03 23,07:20:03,arduino_sala,78.0,45.9,20.3
16 03 23,07:25:03,arduino_sala,78.0,46.3,20.3
16 03 23,07:30:06,arduino_sala,78.0,45.9,20.3
16 03 23,07:35:06,arduino_sala,78.0,46.4,20.2
16 03 23,07:40:03,arduino_sala,78.0,46.3,20.3
16 03 23,07:45:05,arduino_sala,78.0,45.8,20.3
16 03 23,07:50:05,arduino_sala,78.0,46.3,20.3
16 03 23,07:55:05,arduino_sala,78.0,46.2,20.2
16 03 23,08:00:05,arduino_sala,78.0,45.5,20.3
16 03 23,08:05:04,arduino_sala,78.0,46.2,20.2
16 03 23,08:10:04,arduino_sala,78.0,46.0,20.2
16 03 23,08:15:04,arduino_sala,78.0,46.7,20.1
16 03 23,08:20:04,arduino_sala,78.0,46.6,20.1
16 03 23,08:25:04,arduino_sala,78.0,47.0,20.1
16 03 23,08:30:04,arduino_sala,78.0,46.7,20.0
16 03 23,08:35:03,arduino_sala,78.0,46.4,20.2
16 03 23,08:40:06,arduino_sala,78.0,46.1,20.2
16 03 23,08:45:06,arduino_sala,78.0,45.4,20.1
16 03 23,08:50:03,arduino_sala,78.0,45.9,20.2
16 03 23,08:55:05,arduino_sala,78.0,45.8,20.3
16 03 23,09:00:05,arduino_sala,78.0,45.7,20.5
16 03 23,09:05:05,arduino_sala,78.0,45.7,20.5
16 03 23,09:10:05,arduino_sala,78.0,46.3,20.5
16 03 23,09:15:04,arduino_sala,78.0,46.3,20.7
16 03 23,09:20:04,arduino_sala,78.0,45.5,20.7
16 03 23,09:25:04,arduino_sala,78.0,45.1,20.8
16 03 23,09:30:04,arduino_sala,78.0,43.6,20.9
16 03 23,09:35:04,arduino_sala,78.0,43.4,20.9
16 03 23,09:40:03,arduino_sala,78.0,43.9,21.0
16 03 23,09:45:06,arduino_sala,78.0,43.0,21.0
16 03 23,09:50:06,arduino_sala,78.0,43.0,20.9
16 03 23,09:55:05,arduino_sala,78.0,39.6,20.9
19 03 23,22:17:34,,77.0,58.2,22.9
19 03 23,22:20:05,arduino_sala,77.0,58.0,22.8
19 03 23,22:25:05,arduino_sala,77.0,58.3,22.7
19 03 23,22:30:04,arduino_sala,77.0,58.8,22.7
19 03 23,22:35:04,arduino_sala,77.0,58.8,22.7
19 03 23,22:40:04,arduino_sala,77.0,58.8,22.7
19 03 23,22:45:04,arduino_sala,77.0,58.6,22.7
19 03 23,22:50:04,arduino_sala,77.0,59.0,22.7
19 03 23,22:55:04,arduino_sala,77.0,58.6,22.6
19 03 23,23:00:03,arduino_sala,77.0,58.4,22.6
19 03 23,23:05:03,arduino_sala,77.0,57.5,22.5
19 03 23,23:10:03,arduino_sala,77.0,58.1,22.5
19 03 23,23:15:05,arduino_sala,77.0,57.9,22.5
19 03 23,23:20:05,arduino_sala,77.0,58.3,22.5
19 03 23,23:25:05,arduino_sala,77.0,57.8,22.5
19 03 23,23:30:05,arduino_sala,77.0,58.1,22.5
19 03 23,23:35:05,arduino_sala,77.0,56.9,22.3
19 03 23,23:40:05,arduino_sala,77.0,57.3,22.3
19 03 23,23:45:04,arduino_sala,77.0,56.8,22.2
19 03 23,23:50:04,arduino_sala,77.0,56.7,22.2
19 03 23,23:55:04,arduino_sala,77.0,56.8,22.2
20 03 23,00:00:04,arduino_sala,77.0,56.1,22.1
20 03 23,00:05:04,arduino_sala,77.0,56.3,22.1
20 03 23,00:10:03,arduino_sala,77.0,56.2,22.0
20 03 23,00:15:03,arduino_sala,77.0,56.1,22.0
20 03 23,00:20:03,arduino_sala,77.0,56.2,22.0
20 03 23,00:25:03,arduino_sala,77.0,56.0,21.9
20 03 23,00:30:05,arduino_sala,77.0,56.5,21.9
20 03 23,00:35:05,arduino_sala,77.0,56.5,21.9
20 03 23,00:40:05,arduino_sala,76.0,56.6,21.9
20 03 23,00:45:05,arduino_sala,77.0,56.8,21.9
20 03 23,00:50:05,arduino_sala,77.0,56.8,21.9
20 03 23,00:55:04,arduino_sala,77.0,57.1,21.9
20 03 23,01:00:04,arduino_sala,77.0,56.1,21.8
20 03 23,01:05:04,arduino_sala,76.0,56.4,21.7
20 03 23,01:10:04,arduino_sala,76.0,56.6,21.8
20 03 23,01:15:04,arduino_sala,76.0,56.4,21.7
20 03 23,01:20:03,arduino_sala,76.0,56.2,21.7
20 03 23,01:25:03,arduino_sala,76.0,56.5,21.7
20 03 23,01:30:03,arduino_sala,76.0,56.7,21.7
20 03 23,01:35:03,arduino_sala,76.0,56.4,21.7
20 03 23,01:40:05,arduino_sala,76.0,56.3,21.6
20 03 23,01:45:05,arduino_sala,76.0,56.3,21.6
20 03 23,01:50:05,arduino_sala,76.0,56.3,21.5
20 03 23,01:55:05,arduino_sala,76.0,56.3,21.5
20 03 23,02:00:05,arduino_sala,76.0,56.4,21.5
20 03 23,02:05:04,arduino_sala,76.0,56.5,21.5
20 03 23,02:10:04,arduino_sala,76.0,56.6,21.5
20 03 23,02:15:04,arduino_sala,76.0,56.4,21.5
20 03 23,02:20:04,arduino_sala,76.0,56.5,21.4
20 03 23,02:25:04,arduino_sala,76.0,56.6,21.4
20 03 23,02:30:04,arduino_sala,76.0,56.6,21.4
20 03 23,02:35:03,arduino_sala,76.0,56.8,21.4
20 03 23,02:40:03,arduino_sala,76.0,56.8,21.4
20 03 23,02:45:03,arduino_sala,76.0,56.8,21.4
20 03 23,02:50:05,arduino_sala,76.0,56.8,21.4
20 03 23,02:55:05,arduino_sala,76.0,56.5,21.4
20 03 23,03:00:05,arduino_sala,76.0,56.4,21.4
20 03 23,03:05:05,arduino_sala,76.0,56.6,21.3
20 03 23,03:10:05,arduino_sala,76.0,56.6,21.3
20 03 23,03:15:04,arduino_sala,76.0,56.3,21.2
20 03 23,03:20:04,arduino_sala,76.0,56.2,21.2
20 03 23,03:25:04,arduino_sala,76.0,56.4,21.3
20 03 23,03:30:04,arduino_sala,76.0,56.0,21.1
20 03 23,03:35:04,arduino_sala,76.0,56.4,21.2
20 03 23,03:40:03,arduino_sala,76.0,56.3,21.1
20 03 23,03:45:03,arduino_sala,76.0,56.4,21.1
20 03 23,03:50:03,arduino_sala,76.0,56.4,21.0
20 03 23,03:55:03,arduino_sala,76.0,56.6,21.0
20 03 23,04:00:05,arduino_sala,76.0,56.6,21.0
20 03 23,04:05:05,arduino_sala,76.0,56.5,21.0
20 03 23,04:10:05,arduino_sala,76.0,56.5,20.9
20 03 23,04:15:05,arduino_sala,76.0,56.3,20.9
20 03 23,04:20:05,arduino_sala,76.0,56.0,20.8
20 03 23,04:25:04,arduino_sala,76.0,56.5,20.9
20 03 23,04:30:04,arduino_sala,76.0,55.6,20.8
20 03 23,04:35:04,arduino_sala,76.0,56.0,20.8
20 03 23,04:40:04,arduino_sala,76.0,56.0,20.8
20 03 23,04:45:04,arduino_sala,76.0,56.2,20.8
20 03 23,04:50:03,arduino_sala,76.0,55.7,20.7
20 03 23,04:55:03,arduino_sala,76.0,55.5,20.6
20 03 23,05:00:03,arduino_sala,76.0,56.1,20.7
20 03 23,05:05:03,arduino_sala,76.0,55.7,20.6
20 03 23,05:10:05,arduino_sala,76.0,56.1,20.6
20 03 23,05:15:05,arduino_sala,76.0,56.1,20.6
20 03 23,05:20:05,arduino_sala,76.0,56.0,20.5
20 03 23,05:25:05,arduino_sala,76.0,55.8,20.5
20 03 23,05:30:05,arduino_sala,76.0,55.6,20.3
20 03 23,05:35:04,arduino_sala,76.0,56.0,20.3
20 03 23,05:40:04,arduino_sala,76.0,56.1,20.4
20 03 23,05:45:04,arduino_sala,76.0,56.2,20.4
20 03 23,05:50:04,arduino_sala,76.0,56.3,20.4
20 03 23,05:55:04,arduino_sala,76.0,56.2,20.4
20 03 23,06:00:03,arduino_sala,76.0,56.1,20.3
20 03 23,06:05:03,arduino_sala,76.0,56.3,20.3
20 03 23,06:10:03,arduino_sala,76.0,56.5,20.3
20 03 23,06:15:03,arduino_sala,76.0,56.4,20.3
20 03 23,06:20:05,arduino_sala,76.0,56.5,20.3
20 03 23,06:25:05,arduino_sala,76.0,56.3,20.3
20 03 23,06:30:05,arduino_sala,76.0,56.2,20.3
20 03 23,06:35:05,arduino_sala,76.0,56.3,20.3
20 03 23,06:40:05,arduino_sala,76.0,56.1,20.3
20 03 23,06:45:04,arduino_sala,76.0,56.3,20.3
20 03 23,06:50:04,arduino_sala,76.0,56.2,20.2
20 03 23,06:55:04,arduino_sala,76.0,56.4,20.2
20 03 23,07:00:04,arduino_sala,76.0,56.1,20.1
20 03 23,07:05:04,arduino_sala,76.0,56.0,20.0
20 03 23,07:10:03,arduino_sala,76.0,56.3,20.1
20 03 23,07:15:03,arduino_sala,76.0,56.0,20.0
20 03 23,07:20:03,arduino_sala,76.0,56.4,20.0
20 03 23,07:25:03,arduino_sala,76.0,56.6,20.0
20 03 23,07:30:05,arduino_sala,76.0,56.6,20.0
20 03 23,07:35:05,arduino_sala,76.0,56.6,20.0
20 03 23,07:40:05,arduino_sala,76.0,56.8,20.0
20 03 23,07:45:05,arduino_sala,76.0,56.9,20.0
20 03 23,07:50:05,arduino_sala,76.0,57.0,20.0
20 03 23,07:55:04,arduino_sala,76.0,57.0,20.0
20 03 23,08:00:04,arduino_sala,76.0,57.0,20.0
20 03 23,08:05:04,arduino_sala,76.0,57.0,20.0
20 03 23,08:10:04,arduino_sala,76.0,57.2,20.0
20 03 23,08:15:04,arduino_sala,76.0,57.1,20.0
20 03 23,08:20:03,arduino_sala,76.0,57.1,20.0
20 03 23,08:25:03,arduino_sala,76.0,56.9,20.1
20 03 23,08:30:03,arduino_sala,76.0,57.1,20.2
20 03 23,08:35:03,arduino_sala,76.0,57.1,20.2
20 03 23,08:40:05,arduino_sala,76.0,56.9,20.3
20 03 23,08:45:05,arduino_sala,76.0,55.6,20.2
20 03 23,08:50:05,arduino_sala,76.0,55.3,20.3
20 03 23,08:55:05,arduino_sala,76.0,56.2,20.3
20 03 23,09:00:05,arduino_sala,76.0,56.6,20.3
20 03 23,09:05:04,arduino_sala,76.0,57.5,20.3
20 03 23,09:10:04,arduino_sala,76.0,57.3,20.3
20 03 23,09:15:04,arduino_sala,76.0,57.1,20.3
20 03 23,09:20:04,arduino_sala,76.0,57.0,20.3
20 03 23,09:25:04,arduino_sala,76.0,57.1,20.3
20 03 23,09:30:03,arduino_sala,76.0,57.2,20.3
20 03 23,09:35:03,arduino_sala,76.0,57.6,20.4
20 03 23,09:40:03,arduino_sala,76.0,56.6,20.3
20 03 23,09:45:03,arduino_sala,76.0,56.6,20.3
20 03 23,09:50:05,arduino_sala,76.0,56.2,20.3
20 03 23,09:55:05,arduino_sala,76.0,55.5,20.3
20 03 23,10:00:05,arduino_sala,76.0,55.7,20.4
20 03 23,10:05:05,arduino_sala,76.0,54.5,20.3
20 03 23,10:10:05,arduino_sala,76.0,54.2,20.3
20 03 23,10:15:04,arduino_sala,76.0,54.5,20.3
20 03 23,10:20:04,arduino_sala,76.0,54.2,20.4
20 03 23,10:25:04,arduino_sala,76.0,53.3,20.4
20 03 23,10:30:04,arduino_sala,76.0,52.6,20.4
20 03 23,10:35:04,arduino_sala,76.0,52.4,20.5
20 03 23,10:40:04,arduino_sala,76.0,52.6,20.5
20 03 23,10:45:03,arduino_sala,76.0,53.0,20.6
20 03 23,10:50:03,arduino_sala,76.0,52.1,20.6
20 03 23,10:55:03,arduino_sala,76.0,52.6,20.6
20 03 23,11:00:05,arduino_sala,76.0,53.2,20.7
20 03 23,11:05:05,arduino_sala,76.0,52.8,20.7
20 03 23,11:10:05,arduino_sala,76.0,52.6,20.8
20 03 23,11:15:05,arduino_sala,76.0,52.6,20.8
20 03 23,11:20:05,arduino_sala,76.0,53.5,20.9
20 03 23,11:25:04,arduino_sala,76.0,54.3,21.0
20 03 23,11:30:04,arduino_sala,76.0,52.5,21.0
20 03 23,11:35:04,arduino_sala,76.0,52.4,21.1
20 03 23,11:40:04,arduino_sala,76.0,51.8,21.1
20 03 23,11:45:04,arduino_sala,76.0,50.7,21.2
20 03 23,11:50:04,arduino_sala,76.0,50.3,21.2
20 03 23,11:55:03,arduino_sala,76.0,51.6,21.3
20 03 23,12:00:03,arduino_sala,76.0,51.0,21.3
20 03 23,12:05:06,arduino_sala,76.0,50.0,21.3
20 03 23,12:10:06,arduino_sala,76.0,48.4,21.4
20 03 23,12:15:05,arduino_sala,76.0,49.3,21.4
20 03 23,12:20:05,arduino_sala,76.0,49.4,21.5
20 03 23,12:25:05,arduino_sala,76.0,50.3,21.5
20 03 23,12:30:05,arduino_sala,76.0,51.3,21.6
20 03 23,12:35:05,arduino_sala,76.0,51.3,21.6
20 03 23,12:40:05,arduino_sala,76.0,50.4,21.6
20 03 23,12:45:04,arduino_sala,76.0,49.1,21.6
20 03 23,12:50:04,arduino_sala,76.0,48.9,21.6
20 03 23,12:55:04,arduino_sala,76.0,49.8,21.7
20 03 23,13:00:04,arduino_sala,76.0,50.5,21.7
20 03 23,13:05:04,arduino_sala,76.0,51.8,21.8
20 03 23,13:10:04,arduino_sala,76.0,51.7,21.8
20 03 23,13:15:03,arduino_sala,76.0,53.1,21.8
20 03 23,13:20:03,arduino_sala,76.0,52.4,21.9
20 03 23,13:25:03,arduino_sala,76.0,52.2,21.9
20 03 23,13:30:05,arduino_sala,76.0,54.3,22.0
20 03 23,13:35:05,arduino_sala,76.0,54.7,22.0
20 03 23,13:40:05,arduino_sala,76.0,55.3,22.0
20 03 23,13:45:05,arduino_sala,76.0,55.1,22.1
20 03 23,13:50:05,arduino_sala,76.0,55.1,22.2
20 03 23,13:55:05,arduino_sala,76.0,51.8,22.1
20 03 23,14:00:04,arduino_sala,76.0,49.8,22.0
20 03 23,14:05:04,arduino_sala,76.0,48.2,22.1
20 03 23,14:10:04,arduino_sala,76.0,47.9,22.1
20 03 23,14:15:04,arduino_sala,76.0,45.6,22.1
20 03 23,14:20:04,arduino_sala,76.0,45.1,22.1
20 03 23,14:25:04,arduino_sala,76.0,46.0,22.2
20 03 23,14:30:03,arduino_sala,77.0,43.0,22.3
20 03 23,14:35:03,arduino_sala,76.0,44.4,22.4
20 03 23,14:40:03,arduino_sala,77.0,43.1,22.4
20 03 23,14:45:05,arduino_sala,77.0,43.6,22.6
20 03 23,14:50:05,arduino_sala,76.0,42.9,22.7
20 03 23,14:55:05,arduino_sala,77.0,44.0,22.9
20 03 23,15:00:05,arduino_sala,77.0,44.5,22.9
20 03 23,15:05:05,arduino_sala,77.0,44.9,23.0
20 03 23,15:10:05,arduino_sala,77.0,44.1,22.9
20 03 23,15:15:04,arduino_sala,77.0,43.7,22.8
20 03 23,15:20:04,arduino_sala,77.0,43.0,22.7
20 03 23,15:25:04,arduino_sala,77.0,43.3,22.6
20 03 23,15:30:04,arduino_sala,77.0,43.1,22.6
20 03 23,15:35:04,arduino_sala,77.0,42.6,22.6
20 03 23,15:40:04,arduino_sala,77.0,41.7,22.6
20 03 23,15:45:03,arduino_sala,77.0,41.7,22.6
20 03 23,15:50:03,arduino_sala,77.0,41.9,22.6
20 03 23,15:55:03,arduino_sala,77.0,41.7,22.6
20 03 23,16:00:05,arduino_sala,77.0,42.1,22.6
20 03 23,16:05:05,arduino_sala,77.0,41.9,22.6
20 03 23,16:10:05,arduino_sala,77.0,41.9,22.6
20 03 23,16:15:05,arduino_sala,77.0,43.1,22.7
20 03 23,16:20:05,arduino_sala,77.0,44.5,22.8
20 03 23,16:25:04,arduino_sala,77.0,45.6,22.9
20 03 23,16:30:04,arduino_sala,77.0,44.0,22.9
20 03 23,16:35:04,arduino_sala,77.0,44.5,22.8
20 03 23,16:40:04,arduino_sala,77.0,45.6,22.9
20 03 23,16:45:04,arduino_sala,77.0,46.2,23.0
20 03 23,16:50:04,arduino_sala,77.0,46.0,23.0
20 03 23,16:55:03,arduino_sala,77.0,46.3,23.0
20 03 23,17:00:03,arduino_sala,77.0,47.0,23.0
20 03 23,17:05:03,arduino_sala,77.0,46.7,23.0
20 03 23,17:10:03,arduino_sala,77.0,47.2,23.1
20 03 23,17:15:05,arduino_sala,77.0,47.2,23.1
20 03 23,17:20:05,arduino_sala,77.0,47.1,23.1
20 03 23,17:25:05,arduino_sala,77.0,47.0,23.1
20 03 23,17:30:05,arduino_sala,77.0,47.2,23.2
20 03 23,17:35:05,arduino_sala,77.0,47.7,23.1
20 03 23,17:40:05,arduino_sala,77.0,47.2,23.2
20 03 23,17:45:04,arduino_sala,77.0,47.7,23.2
20 03 23,17:50:04,arduino_sala,77.0,47.0,23.3
20 03 23,17:55:04,arduino_sala,77.0,46.4,23.3
20 03 23,18:00:04,arduino_sala,77.0,46.5,23.3
20 03 23,18:05:04,arduino_sala,77.0,46.7,23.3
20 03 23,18:10:04,arduino_sala,77.0,46.9,23.3
20 03 23,18:15:03,arduino_sala,77.0,46.6,23.4
20 03 23,18:20:03,arduino_sala,77.0,45.5,23.3
20 03 23,18:25:03,arduino_sala,77.0,46.0,23.3
20 03 23,18:30:03,arduino_sala,77.0,46.2,23.3
20 03 23,18:35:05,arduino_sala,77.0,46.0,23.3
20 03 23,18:40:05,arduino_sala,77.0,46.7,23.3
20 03 23,18:45:05,arduino_sala,77.0,46.8,23.2
20 03 23,18:50:05,arduino_sala,77.0,46.5,23.2
20 03 23,18:55:05,arduino_sala,77.0,46.9,23.1
20 03 23,19:00:04,arduino_sala,77.0,46.4,23.0
20 03 23,19:05:04,arduino_sala,77.0,47.3,23.1
20 03 23,19:10:04,arduino_sala,77.0,47.5,23.1
20 03 23,19:15:04,arduino_sala,77.0,47.4,23.1
20 03 23,19:20:04,arduino_sala,77.0,47.6,23.1
20 03 23,19:25:04,arduino_sala,77.0,48.0,23.1
20 03 23,19:30:04,arduino_sala,77.0,48.1,23.1
20 03 23,19:35:03,arduino_sala,77.0,47.6,23.0
20 03 23,19:40:03,arduino_sala,77.0,48.4,23.1
20 03 23,19:45:03,arduino_sala,77.0,47.8,23.0
20 03 23,19:50:05,arduino_sala,77.0,47.8,23.1
20 03 23,19:55:05,arduino_sala,77.0,47.8,23.1
20 03 23,20:00:05,arduino_sala,77.0,48.4,23.0
20 03 23,20:05:05,arduino_sala,77.0,48.3,23.0
20 03 23,20:10:05,arduino_sala,77.0,49.1,23.1
20 03 23,20:15:05,arduino_sala,77.0,50.1,23.1
20 03 23,20:20:04,arduino_sala,77.0,49.1,23.1
20 03 23,20:25:04,arduino_sala,77.0,53.3,23.2
20 03 23,20:30:04,arduino_sala,77.0,55.5,23.2
20 03 23,20:35:04,arduino_sala,77.0,58.0,23.3
20 03 23,20:40:04,arduino_sala,77.0,58.6,23.4
20 03 23,20:45:04,arduino_sala,77.0,59.5,23.4
20 03 23,20:50:03,arduino_sala,77.0,61.4,23.5
20 03 23,20:55:03,arduino_sala,77.0,62.9,23.6
20 03 23,21:00:03,arduino_sala,77.0,63.1,23.6
20 03 23,21:05:03,arduino_sala,77.0,64.0,23.6
20 03 23,21:10:05,arduino_sala,77.0,62.0,23.6
20 03 23,21:15:05,arduino_sala,77.0,60.9,23.5
20 03 23,21:20:05,arduino_sala,77.0,60.3,23.5
20 03 23,21:25:05,arduino_sala,77.0,60.0,23.5
20 03 23,21:30:05,arduino_sala,77.0,59.3,23.4
20 03 23,21:35:04,arduino_sala,77.0,59.4,23.4
20 03 23,21:40:04,arduino_sala,77.0,58.9,23.4
20 03 23,21:45:04,arduino_sala,77.0,58.4,23.4
20 03 23,21:50:04,arduino_sala,77.0,58.4,23.3
20 03 23,21:55:04,arduino_sala,77.0,56.7,23.3
20 03 23,22:00:04,arduino_sala,77.0,56.8,23.2
20 03 23,22:05:03,arduino_sala,77.0,56.2,23.2
20 03 23,22:10:03,arduino_sala,77.0,56.9,23.2
20 03 23,22:15:03,arduino_sala,77.0,57.0,23.2
20 03 23,22:20:03,arduino_sala,77.0,56.6,23.2
20 03 23,22:25:05,arduino_sala,77.0,57.0,23.2
20 03 23,22:30:05,arduino_sala,77.0,56.7,23.2
20 03 23,22:35:05,arduino_sala,77.0,56.1,23.2
20 03 23,22:40:05,arduino_sala,77.0,55.8,23.2
20 03 23,22:45:04,arduino_sala,77.0,55.6,23.1
20 03 23,22:50:04,arduino_sala,77.0,55.0,23.1
20 03 23,22:55:04,arduino_sala,77.0,53.9,23.1
20 03 23,23:00:04,arduino_sala,77.0,53.5,23.0
20 03 23,23:05:04,arduino_sala,77.0,53.2,23.0
20 03 23,23:10:04,arduino_sala,77.0,53.0,23.0
20 03 23,23:15:03,arduino_sala,77.0,52.5,22.9
20 03 23,23:20:03,arduino_sala,77.0,52.3,22.9
20 03 23,23:25:03,arduino_sala,77.0,52.4,22.9
20 03 23,23:30:03,arduino_sala,77.0,51.9,22.8
20 03 23,23:35:05,arduino_sala,77.0,52.0,22.8
20 03 23,23:40:05,arduino_sala,77.0,52.0,22.8
20 03 23,23:45:05,arduino_sala,77.0,52.0,22.8
20 03 23,23:50:05,arduino_sala,77.0,51.6,22.8
20 03 23,23:55:05,arduino_sala,77.0,51.4,22.8
21 03 23,00:00:04,arduino_sala,77.0,51.2,22.8
21 03 23,00:05:04,arduino_sala,77.0,51.1,22.8
21 03 23,00:10:04,arduino_sala,77.0,51.3,22.8
21 03 23,00:15:04,arduino_sala,77.0,51.1,22.8
21 03 23,00:20:04,arduino_sala,77.0,51.1,22.8
21 03 23,00:25:03,arduino_sala,77.0,50.9,22.8
21 03 23,00:30:03,arduino_sala,77.0,51.2,22.8
21 03 23,00:35:03,arduino_sala,77.0,50.9,22.7
21 03 23,00:40:03,arduino_sala,77.0,50.8,22.7
21 03 23,00:45:05,arduino_sala,77.0,50.7,22.7
21 03 23,00:50:05,arduino_sala,77.0,50.7,22.7
21 03 23,00:55:05,arduino_sala,77.0,50.5,22.7
21 03 23,01:00:05,arduino_sala,77.0,50.3,22.6
21 03 23,01:05:05,arduino_sala,77.0,50.2,22.6
21 03 23,01:10:05,arduino_sala,77.0,50.1,22.6
21 03 23,01:15:04,arduino_sala,77.0,50.3,22.6
21 03 23,01:20:04,arduino_sala,77.0,50.1,22.6
21 03 23,01:25:04,arduino_sala,77.0,50.1,22.5
21 03 23,01:30:04,arduino_sala,77.0,50.1,22.5
21 03 23,01:35:04,arduino_sala,77.0,50.2,22.5
21 03 23,01:40:04,arduino_sala,77.0,50.3,22.5
21 03 23,01:45:03,arduino_sala,77.0,50.5,22.5
21 03 23,01:50:03,arduino_sala,77.0,50.3,22.4
21 03 23,01:55:03,arduino_sala,77.0,50.5,22.4
21 03 23,02:00:03,arduino_sala,77.0,50.5,22.4
21 03 23,02:05:05,arduino_sala,77.0,50.4,22.4
21 03 23,02:10:05,arduino_sala,77.0,50.2,22.4
21 03 23,02:15:05,arduino_sala,77.0,50.3,22.4
21 03 23,02:20:05,arduino_sala,77.0,50.2,22.4
21 03 23,02:25:05,arduino_sala,77.0,50.5,22.4
21 03 23,02:30:05,arduino_sala,77.0,50.2,22.4
21 03 23,02:35:04,arduino_sala,77.0,50.4,22.4
21 03 23,02:40:04,arduino_sala,77.0,50.3,22.3
21 03 23,02:45:04,arduino_sala,77.0,50.6,22.3
21 03 23,02:50:04,arduino_sala,77.0,50.6,22.3
21 03 23,02:55:04,arduino_sala,77.0,50.4,22.3
21 03 23,03:00:04,arduino_sala,77.0,50.3,22.2
21 03 23,03:05:03,arduino_sala,77.0,50.5,22.2
21 03 23,03:10:03,arduino_sala,77.0,50.7,22.2
21 03 23,03:15:03,arduino_sala,77.0,50.5,22.2
21 03 23,03:20:03,arduino_sala,77.0,50.8,22.2
21 03 23,03:25:03,arduino_sala,77.0,50.5,22.2
21 03 23,03:30:05,arduino_sala,77.0,50.0,22.1
21 03 23,03:35:05,arduino_sala,77.0,50.1,22.1
21 03 23,03:40:05,arduino_sala,77.0,49.7,22.1
21 03 23,03:45:05,arduino_sala,77.0,49.7,22.1
21 03 23,03:50:05,arduino_sala,77.0,49.7,22.1
21 03 23,03:55:05,arduino_sala,77.0,49.1,22.0
21 03 23,04:00:04,arduino_sala,77.0,49.4,22.1
21 03 23,04:05:04,arduino_sala,77.0,49.3,22.1
21 03 23,04:10:04,arduino_sala,77.0,49.5,22.1
21 03 23,04:15:04,arduino_sala,77.0,49.0,22.0
21 03 23,04:20:04,arduino_sala,77.0,48.9,22.0
21 03 23,04:25:04,arduino_sala,77.0,49.4,21.9
21 03 23,04:30:03,arduino_sala,77.0,49.4,21.9
21 03 23,04:35:03,arduino_sala,77.0,49.2,21.9
21 03 23,04:40:03,arduino_sala,77.0,49.0,21.9
21 03 23,04:45:03,arduino_sala,77.0,49.0,21.9
21 03 23,04:50:05,arduino_sala,77.0,48.8,21.8
21 03 23,04:55:05,arduino_sala,77.0,49.0,21.8
21 03 23,05:00:05,arduino_sala,77.0,48.9,21.8
21 03 23,05:05:05,arduino_sala,77.0,49.0,21.7
21 03 23,05:10:05,arduino_sala,77.0,48.9,21.7
21 03 23,05:15:05,arduino_sala,77.0,49.8,21.7
21 03 23,05:20:04,arduino_sala,77.0,49.7,21.6
21 03 23,05:25:04,arduino_sala,77.0,49.8,21.6
21 03 23,05:30:04,arduino_sala,77.0,49.9,21.6
21 03 23,05:35:04,arduino_sala,77.0,50.0,21.6
21 03 23,05:40:04,arduino_sala,77.0,49.8,21.6
21 03 23,05:45:03,arduino_sala,77.0,49.8,21.6
21 03 23,05:50:03,arduino_sala,77.0,49.9,21.6
21 03 23,05:55:03,arduino_sala,77.0,49.3,21.6
21 03 23,06:00:03,arduino_sala,77.0,49.2,21.5
21 03 23,06:05:05,arduino_sala,77.0,48.9,21.5
21 03 23,06:10:05,arduino_sala,77.0,48.8,21.5
21 03 23,06:15:05,arduino_sala,77.0,48.7,21.4
21 03 23,06:20:05,arduino_sala,77.0,48.7,21.4
21 03 23,06:25:05,arduino_sala,77.0,48.1,21.4
21 03 23,06:30:05,arduino_sala,77.0,48.7,21.4
21 03 23,06:35:04,arduino_sala,77.0,48.6,21.4
21 03 23,06:40:04,arduino_sala,77.0,48.8,21.4
21 03 23,06:45:04,arduino_sala,77.0,49.0,21.4
21 03 23,06:50:04,arduino_sala,77.0,49.1,21.3
21 03 23,06:55:04,arduino_sala,77.0,49.3,21.3
21 03 23,07:00:04,arduino_sala,77.0,49.6,21.3
21 03 23,07:05:03,arduino_sala,77.0,49.7,21.3
21 03 23,07:10:03,arduino_sala,77.0,49.9,21.3
21 03 23,07:15:03,arduino_sala,77.0,49.8,21.3
21 03 23,07:20:03,arduino_sala,77.0,50.2,21.3
21 03 23,07:25:05,arduino_sala,77.0,50.1,21.2
21 03 23,07:30:05,arduino_sala,77.0,50.3,21.2
21 03 23,07:35:05,arduino_sala,77.0,50.2,21.2
21 03 23,07:40:05,arduino_sala,77.0,50.3,21.2
21 03 23,07:45:05,arduino_sala,77.0,50.6,21.2
21 03 23,07:50:05,arduino_sala,77.0,50.6,21.2
21 03 23,07:55:04,arduino_sala,77.0,50.8,21.2
21 03 23,08:00:04,arduino_sala,77.0,50.7,21.2
21 03 23,08:05:04,arduino_sala,77.0,50.8,21.2
21 03 23,08:10:04,arduino_sala,77.0,50.8,21.2
21 03 23,08:15:04,arduino_sala,77.0,51.0,21.2
21 03 23,08:20:04,arduino_sala,77.0,51.0,21.2
21 03 23,08:25:03,arduino_sala,77.0,50.7,21.2
21 03 23,08:30:03,arduino_sala,77.0,51.2,21.2
21 03 23,08:35:03,arduino_sala,77.0,51.3,21.2
21 03 23,08:40:03,arduino_sala,77.0,51.2,21.2
21 03 23,08:45:05,arduino_sala,77.0,52.3,21.3
21 03 23,08:50:05,arduino_sala,77.0,52.1,21.3
21 03 23,08:55:05,arduino_sala,77.0,52.3,21.3
21 03 23,09:00:05,arduino_sala,77.0,52.0,21.3
21 03 23,09:05:05,arduino_sala,77.0,52.3,21.4
21 03 23,09:10:04,arduino_sala,77.0,52.0,21.4
21 03 23,09:15:04,arduino_sala,77.0,51.6,21.3
21 03 23,09:20:04,arduino_sala,77.0,51.3,21.3
21 03 23,09:25:04,arduino_sala,77.0,51.3,21.3
21 03 23,09:30:04,arduino_sala,77.0,50.8,21.4
21 03 23,09:35:04,arduino_sala,77.0,51.3,21.4
21 03 23,09:40:03,arduino_sala,77.0,51.4,21.5
21 03 23,09:45:03,arduino_sala,77.0,51.3,21.5
21 03 23,09:50:03,arduino_sala,77.0,51.4,21.5
21 03 23,09:55:05,arduino_sala,77.0,50.1,21.6
21 03 23,10:00:05,arduino_sala,77.0,50.3,21.7
21 03 23,10:05:05,arduino_sala,77.0,51.2,21.8
21 03 23,10:10:05,arduino_sala,77.0,50.6,21.8
21 03 23,10:15:05,arduino_sala,77.0,49.4,21.8
21 03 23,10:20:05,arduino_sala,77.0,49.2,21.9
21 03 23,10:25:04,arduino_sala,77.0,49.4,21.9
21 03 23,10:30:04,arduino_sala,77.0,48.8,21.9
21 03 23,10:35:04,arduino_sala,77.0,48.7,21.9
21 03 23,10:40:04,arduino_sala,77.0,48.9,22.0
21 03 23,10:45:04,arduino_sala,77.0,48.0,22.0
21 03 23,10:50:04,arduino_sala,77.0,47.4,22.0
21 03 23,10:55:03,arduino_sala,77.0,47.1,21.9
21 03 23,11:00:03,arduino_sala,77.0,48.1,22.0
21 03 23,11:05:03,arduino_sala,77.0,49.1,22.1
21 03 23,11:10:03,arduino_sala,77.0,49.4,22.1
21 03 23,11:15:05,arduino_sala,77.0,49.3,22.1
21 03 23,11:20:05,arduino_sala,77.0,50.4,22.1
21 03 23,11:25:05,arduino_sala,77.0,49.6,22.2
21 03 23,11:30:05,arduino_sala,77.0,50.4,22.2
21 03 23,11:35:05,arduino_sala,77.0,51.9,22.3
21 03 23,11:40:05,arduino_sala,77.0,50.9,22.3
21 03 23,11:45:05,arduino_sala,77.0,51.4,22.3
21 03 23,11:50:04,arduino_sala,77.0,51.9,22.3
21 03 23,11:55:04,arduino_sala,77.0,52.9,22.4
21 03 23,12:00:04,arduino_sala,77.0,53.4,22.5
21 03 23,12:05:04,arduino_sala,77.0,53.8,22.5
21 03 23,12:10:04,arduino_sala,77.0,55.6,22.5
21 03 23,12:15:03,arduino_sala,77.0,55.9,22.6
21 03 23,12:20:03,arduino_sala,77.0,52.9,22.6
21 03 23,12:25:03,arduino_sala,77.0,54.4,22.7
21 03 23,12:30:03,arduino_sala,77.0,50.6,22.7
21 03 23,12:35:05,arduino_sala,77.0,50.2,22.7
21 03 23,12:40:05,arduino_sala,77.0,50.3,22.7
21 03 23,12:45:05,arduino_sala,77.0,48.0,22.8
21 03 23,12:50:05,arduino_sala,77.0,49.3,22.8
21 03 23,12:55:05,arduino_sala,77.0,50.8,22.8
21 03 23,13:00:04,arduino_sala,77.0,49.9,22.8
21 03 23,13:05:04,arduino_sala,77.0,50.6,22.7
21 03 23,13:10:04,arduino_sala,77.0,51.8,22.7
21 03 23,13:15:04,arduino_sala,77.0,49.6,22.8
21 03 23,13:20:04,arduino_sala,77.0,51.6,22.8
21 03 23,13:25:04,arduino_sala,77.0,49.9,22.8
21 03 23,13:30:03,arduino_sala,77.0,51.7,23.0
21 03 23,21:19:03,"  arduino_sala",78,54.00,24.40
